Time,Source,Soil Temp,Light
"April 6, 2021 at 12:28PM",Garden_Data,27.38,1024
"April 6, 2021 at 12:43PM",Garden_Data,26.31,1024
"April 6, 2021 at 12:57PM",Garden_Data,27.31,1024
"April 6, 2021 at 01:12PM",Garden_Data,28.56,1024
"April 6, 2021 at 01:26PM",Garden_Data,29.56,1024
"April 6, 2021 at 01:40PM",Garden_Data,30.56,1024
"April 6, 2021 at 01:55PM",Garden_Data,31.31,1024
"April 6, 2021 at 02:10PM",Garden_Data,31.81,1024
"April 6, 2021 at 02:25PM",Garden_Data,32.06,1024
"April 6, 2021 at 02:39PM",Garden_Data,31.81,1024
"April 6, 2021 at 02:53PM",Garden_Data,32.06,1024
"April 6, 2021 at 03:08PM",Garden_Data,32.56,1024
"April 6, 2021 at 03:23PM",Garden_Data,32.5,1024
"April 6, 2021 at 03:37PM",Garden_Data,32.63,1024
"April 6, 2021 at 03:51PM",Garden_Data,32.56,1024
"April 6, 2021 at 04:05PM",Garden_Data,32.5,1024
"April 6, 2021 at 04:20PM",Garden_Data,32.88,1024
"April 6, 2021 at 04:35PM",Garden_Data,33.25,1024
"April 6, 2021 at 04:49PM",Garden_Data,32.31,1024
"April 6, 2021 at 05:03PM",Garden_Data,31.5,1024
"April 6, 2021 at 05:17PM",Garden_Data,30.44,1024
"April 6, 2021 at 05:31PM",Garden_Data,29.5,1024
"April 6, 2021 at 05:46PM",Garden_Data,28.31,1024
"April 6, 2021 at 05:48PM",Garden_Data,28.19,1024
"April 6, 2021 at 06:03PM",Garden_Data,27.25,1024
"April 6, 2021 at 06:17PM",Garden_Data,26.56,1024
"April 6, 2021 at 06:33PM",Garden_Data,24.63,1024
"April 6, 2021 at 06:45PM",Garden_Data,24.75,1024
"April 6, 2021 at 06:54PM",Garden_Data,25.94,1024
"April 6, 2021 at 07:09PM",Garden_Data,25.31,1024
"April 6, 2021 at 07:23PM",Garden_Data,24.88,1024
"April 6, 2021 at 07:38PM",Garden_Data,24.44,1024
"April 6, 2021 at 07:52PM",Garden_Data,23.94,742
"April 6, 2021 at 08:07PM",Garden_Data,23.44,163
"April 6, 2021 at 08:21PM",Garden_Data,23,62
"April 6, 2021 at 08:35PM",Garden_Data,22.56,58
"April 6, 2021 at 08:50PM",Garden_Data,22.06,106
"April 6, 2021 at 09:04PM",Garden_Data,21.69,120
"April 6, 2021 at 09:19PM",Garden_Data,21.25,121
"April 6, 2021 at 09:33PM",Garden_Data,20.81,56
"April 6, 2021 at 09:48PM",Garden_Data,20.44,56
"April 6, 2021 at 10:02PM",Garden_Data,20,55
"April 6, 2021 at 10:17PM",Garden_Data,19.63,54
"April 6, 2021 at 10:31PM",Garden_Data,19.25,54
"April 6, 2021 at 10:45PM",Garden_Data,18.88,54
"April 6, 2021 at 11:00PM",Garden_Data,18.5,50
"April 6, 2021 at 11:14PM",Garden_Data,18.19,50
"April 6, 2021 at 11:29PM",Garden_Data,17.88,49
"April 6, 2021 at 11:43PM",Garden_Data,17.56,49
"April 6, 2021 at 11:58PM",Garden_Data,17.31,48
"April 7, 2021 at 12:12AM",Garden_Data,17,49
"April 7, 2021 at 12:27AM",Garden_Data,16.75,49
"April 7, 2021 at 12:41AM",Garden_Data,16.44,46
"April 7, 2021 at 12:56AM",Garden_Data,16.25,48
"April 7, 2021 at 01:10AM",Garden_Data,16,45
"April 7, 2021 at 01:25AM",Garden_Data,15.75,43
"April 7, 2021 at 01:39AM",Garden_Data,15.56,40
"April 7, 2021 at 01:53AM",Garden_Data,15.31,37
"April 7, 2021 at 02:08AM",Garden_Data,15.13,29
"April 7, 2021 at 07:37AM",Garden_Data,11.38,1024
"April 7, 2021 at 07:51AM",Garden_Data,11.38,1024
"April 7, 2021 at 08:06AM",Garden_Data,11.38,1024
"April 7, 2021 at 08:20AM",Garden_Data,11.44,1024
"April 7, 2021 at 08:30AM",Garden_Data,11.56,1024
"April 7, 2021 at 08:31AM",Garden_Data,11.56,1024
"April 7, 2021 at 08:45AM",Garden_Data,11.94,1024
"April 7, 2021 at 09:00AM",Garden_Data,12.25,1024
"April 7, 2021 at 09:14AM",Garden_Data,12.63,1024
"April 7, 2021 at 09:29AM",Garden_Data,13,1024
"April 7, 2021 at 09:43AM",Garden_Data,13.5,1024
"April 7, 2021 at 09:58AM",Garden_Data,13.94,1024
"April 7, 2021 at 10:12AM",Garden_Data,14.38,1024
"April 7, 2021 at 10:27AM",Garden_Data,14.81,1024
"April 7, 2021 at 10:41AM",Garden_Data,15.19,93
"April 7, 2021 at 10:56AM",Garden_Data,15.63,123
"April 7, 2021 at 11:10AM",Garden_Data,16.06,78
"April 7, 2021 at 11:25AM",Garden_Data,16.56,149
"April 7, 2021 at 11:40AM",Garden_Data,17.19,171
"April 7, 2021 at 11:54AM",Garden_Data,17.69,141
"April 7, 2021 at 12:09PM",Garden_Data,19.31,1024
"April 7, 2021 at 12:23PM",Garden_Data,21.44,1024
"April 7, 2021 at 12:38PM",Garden_Data,23,1024
"April 7, 2021 at 12:53PM",Garden_Data,25.19,1024
"April 7, 2021 at 01:07PM",Garden_Data,27.13,1024
"April 7, 2021 at 01:22PM",Garden_Data,28.56,1024
"April 7, 2021 at 01:36PM",Garden_Data,29.56,1024
"April 7, 2021 at 01:51PM",Garden_Data,30.69,1024
"April 7, 2021 at 02:05PM",Garden_Data,31.31,905
"April 7, 2021 at 02:20PM",Garden_Data,31.56,909
"April 7, 2021 at 02:34PM",Garden_Data,31.38,898
"April 7, 2021 at 02:49PM",Garden_Data,32.13,902
"April 7, 2021 at 03:04PM",Garden_Data,32.75,589
"April 7, 2021 at 03:18PM",Garden_Data,33.19,556
"April 7, 2021 at 03:32PM",Garden_Data,34.06,864
"April 7, 2021 at 04:02PM",Garden_Data,35.63,883
"April 7, 2021 at 04:16PM",Garden_Data,36.31,873
"April 7, 2021 at 04:31PM",Garden_Data,36.5,859
"April 7, 2021 at 04:45PM",Garden_Data,35.44,373
"April 7, 2021 at 04:59PM",Garden_Data,34.25,338
"April 7, 2021 at 05:13PM",Garden_Data,33,329
"April 7, 2021 at 05:27PM",Garden_Data,31.69,313
"April 7, 2021 at 05:56PM",Garden_Data,29.69,262
"April 7, 2021 at 06:11PM",Garden_Data,28.88,249
"April 7, 2021 at 06:25PM",Garden_Data,28.19,205
"April 7, 2021 at 06:39PM",Garden_Data,27.63,189
"April 7, 2021 at 06:54PM",Garden_Data,27.13,147
"April 7, 2021 at 07:09PM",Garden_Data,26.69,103
"April 7, 2021 at 07:23PM",Garden_Data,26.19,69
"April 7, 2021 at 07:37PM",Garden_Data,25.69,40
"April 7, 2021 at 07:52PM",Garden_Data,25.19,9
"April 7, 2021 at 08:06PM",Garden_Data,24.69,0
"April 7, 2021 at 08:13PM",Garden_Data,24.44,0
"April 7, 2021 at 08:27PM",Garden_Data,24,0
"April 7, 2021 at 08:41PM",Garden_Data,23.75,0
"April 7, 2021 at 08:56PM",Garden_Data,23.5,0
"April 7, 2021 at 09:10PM",Garden_Data,23.19,13
"April 7, 2021 at 09:10PM",Garden_Data,23.19,22
"April 7, 2021 at 09:11PM",Garden_Data,23.13,375
"April 7, 2021 at 09:25PM",Garden_Data,22.81,0
"April 7, 2021 at 09:39PM",Garden_Data,22.44,0
"April 7, 2021 at 09:54PM",Garden_Data,22.06,0
"April 7, 2021 at 10:08PM",Garden_Data,21.69,0
"April 7, 2021 at 10:23PM",Garden_Data,21.31,0
"April 7, 2021 at 10:38PM",Garden_Data,20.94,0
"April 7, 2021 at 10:52PM",Garden_Data,20.63,0
"April 7, 2021 at 11:06PM",Garden_Data,20.31,0
"April 7, 2021 at 11:20PM",Garden_Data,20,0
"April 7, 2021 at 11:35PM",Garden_Data,19.69,0
"April 7, 2021 at 11:49PM",Garden_Data,19.38,0
"April 8, 2021 at 12:03AM",Garden_Data,19.13,0
"April 8, 2021 at 12:18AM",Garden_Data,18.81,0
"April 8, 2021 at 12:32AM",Garden_Data,18.5,0
"April 8, 2021 at 12:46AM",Garden_Data,18.25,0
"April 8, 2021 at 01:01AM",Garden_Data,18,0
"April 8, 2021 at 01:15AM",Garden_Data,17.75,0
"April 8, 2021 at 01:30AM",Garden_Data,17.5,0
"April 8, 2021 at 01:44AM",Garden_Data,17.25,0
"April 8, 2021 at 01:58AM",Garden_Data,17,0
"April 8, 2021 at 02:13AM",Garden_Data,16.81,0
"April 8, 2021 at 02:27AM",Garden_Data,16.56,0
"April 8, 2021 at 02:42AM",Garden_Data,16.38,0
"April 8, 2021 at 02:56AM",Garden_Data,16.19,0
"April 8, 2021 at 03:10AM",Garden_Data,15.94,0
"April 8, 2021 at 03:25AM",Garden_Data,15.75,0
"April 8, 2021 at 03:39AM",Garden_Data,15.63,0
"April 8, 2021 at 03:54AM",Garden_Data,15.44,0
"April 8, 2021 at 04:08AM",Garden_Data,15.25,0
"April 8, 2021 at 04:22AM",Garden_Data,15.06,0
"April 8, 2021 at 04:37AM",Garden_Data,14.94,0
"April 8, 2021 at 04:51AM",Garden_Data,14.75,0
"April 8, 2021 at 05:06AM",Garden_Data,14.63,0
"April 8, 2021 at 05:20AM",Garden_Data,14.5,0
"April 8, 2021 at 05:35AM",Garden_Data,14.38,0
"April 8, 2021 at 05:49AM",Garden_Data,14.25,0
"April 8, 2021 at 06:03AM",Garden_Data,14.13,0
"April 8, 2021 at 06:18AM",Garden_Data,14.06,0
"April 8, 2021 at 06:32AM",Garden_Data,13.94,0
"April 8, 2021 at 06:47AM",Garden_Data,13.81,3
"April 8, 2021 at 06:58AM",Garden_Data,13.75,3
"April 8, 2021 at 07:13AM",Garden_Data,13.69,48
"April 8, 2021 at 07:27AM",Garden_Data,13.63,72
"April 8, 2021 at 07:42AM",Garden_Data,13.63,102
"April 8, 2021 at 07:56AM",Garden_Data,13.63,125
"April 8, 2021 at 08:11AM",Garden_Data,13.69,144
"April 8, 2021 at 08:25AM",Garden_Data,13.75,163
"April 8, 2021 at 08:40AM",Garden_Data,13.94,242
"April 8, 2021 at 08:54AM",Garden_Data,14.19,214
"April 8, 2021 at 09:09AM",Garden_Data,14.56,224
"April 8, 2021 at 09:23AM",Garden_Data,15.19,257
"April 8, 2021 at 09:38AM",Garden_Data,15.63,254
"April 8, 2021 at 09:52AM",Garden_Data,16.38,418
"April 8, 2021 at 10:07AM",Garden_Data,16.69,377
"April 8, 2021 at 10:21AM",Garden_Data,16.88,318
"April 8, 2021 at 10:36AM",Garden_Data,17.13,501
"April 8, 2021 at 10:50AM",Garden_Data,17.63,660
"April 8, 2021 at 11:05AM",Garden_Data,18.13,550
"April 8, 2021 at 11:19AM",Garden_Data,18.63,627
"April 8, 2021 at 11:34AM",Garden_Data,19.31,656
"April 8, 2021 at 11:48AM",Garden_Data,20.06,555
"April 8, 2021 at 12:03PM",Garden_Data,20.94,565
"April 8, 2021 at 12:18PM",Garden_Data,22.38,574
"April 8, 2021 at 12:32PM",Garden_Data,24,570
"April 8, 2021 at 12:47PM",Garden_Data,24.63,518
"April 8, 2021 at 01:01PM",Garden_Data,25,544
"April 8, 2021 at 01:16PM",Garden_Data,24.75,444
"April 8, 2021 at 01:30PM",Garden_Data,24.25,468
"April 8, 2021 at 01:44PM",Garden_Data,24.38,570
"April 8, 2021 at 01:59PM",Garden_Data,24.56,739
"April 8, 2021 at 02:14PM",Garden_Data,24.81,838
"April 8, 2021 at 02:28PM",Garden_Data,24.81,687
"April 8, 2021 at 02:42PM",Garden_Data,24.56,456
"April 8, 2021 at 02:57PM",Garden_Data,24.5,402
"April 8, 2021 at 03:11PM",Garden_Data,24.19,336
"April 8, 2021 at 03:25PM",Garden_Data,24,350
"April 8, 2021 at 03:40PM",Garden_Data,23.88,384
"April 8, 2021 at 03:54PM",Garden_Data,23.88,429
"April 8, 2021 at 04:09PM",Garden_Data,23.81,452
"April 8, 2021 at 04:23PM",Garden_Data,23.75,377
"April 8, 2021 at 04:38PM",Garden_Data,23.63,318
"April 8, 2021 at 04:52PM",Garden_Data,23.5,330
"April 8, 2021 at 05:07PM",Garden_Data,23.5,317
"April 8, 2021 at 05:21PM",Garden_Data,23.31,265
"April 8, 2021 at 05:35PM",Garden_Data,23,34
"April 8, 2021 at 05:50PM",Garden_Data,22.81,46
"April 8, 2021 at 06:04PM",Garden_Data,22.75,28
"April 8, 2021 at 06:19PM",Garden_Data,22.69,22
"April 8, 2021 at 06:33PM",Garden_Data,22.63,25
"April 8, 2021 at 06:48PM",Garden_Data,22.63,17
"April 8, 2021 at 07:02PM",Garden_Data,22.56,14
"April 8, 2021 at 07:17PM",Garden_Data,22.5,15
"April 8, 2021 at 07:31PM",Garden_Data,22.5,14
"April 8, 2021 at 07:46PM",Garden_Data,22.5,7
"April 8, 2021 at 08:00PM",Garden_Data,22.44,4
"April 8, 2021 at 08:15PM",Garden_Data,22.44,4
"April 8, 2021 at 08:29PM",Garden_Data,22.44,4
"April 8, 2021 at 08:44PM",Garden_Data,22.44,4
"April 8, 2021 at 08:58PM",Garden_Data,22.44,4
"April 8, 2021 at 09:13PM",Garden_Data,22.44,4
"April 8, 2021 at 09:27PM",Garden_Data,22.5,4
"April 8, 2021 at 09:42PM",Garden_Data,22.44,4
"April 8, 2021 at 09:56PM",Garden_Data,22.44,4
"April 8, 2021 at 10:10PM",Garden_Data,22.38,4
"April 8, 2021 at 10:17PM",Garden_Data,22.38,3
"April 8, 2021 at 10:31PM",Garden_Data,22.31,0
"April 8, 2021 at 10:46PM",Garden_Data,22.19,0
"April 8, 2021 at 11:00PM",Garden_Data,22.19,0
"April 8, 2021 at 11:15PM",Garden_Data,22.06,0
"April 8, 2021 at 11:29PM",Garden_Data,22,0
"April 8, 2021 at 11:44PM",Garden_Data,21.94,0
"April 8, 2021 at 11:58PM",Garden_Data,21.88,0
"April 9, 2021 at 12:13AM",Garden_Data,21.75,0
"April 9, 2021 at 12:27AM",Garden_Data,21.63,0
"April 9, 2021 at 12:42AM",Garden_Data,21.63,0
"April 9, 2021 at 12:56AM",Garden_Data,21.56,0
"April 9, 2021 at 01:11AM",Garden_Data,21.44,0
"April 9, 2021 at 01:25AM",Garden_Data,21.25,0
"April 9, 2021 at 01:40AM",Garden_Data,21.13,0
"April 9, 2021 at 01:54AM",Garden_Data,21,0
"April 9, 2021 at 02:08AM",Garden_Data,20.94,0
"April 9, 2021 at 02:23AM",Garden_Data,20.81,0
"April 9, 2021 at 02:37AM",Garden_Data,20.69,0
"April 9, 2021 at 02:52AM",Garden_Data,20.63,0
"April 9, 2021 at 03:06AM",Garden_Data,20.5,0
"April 9, 2021 at 03:21AM",Garden_Data,20.44,0
"April 9, 2021 at 03:35AM",Garden_Data,20.31,0
"April 9, 2021 at 03:50AM",Garden_Data,20.25,0
"April 9, 2021 at 04:04AM",Garden_Data,20.13,0
"April 9, 2021 at 04:19AM",Garden_Data,20.06,0
"April 9, 2021 at 04:33AM",Garden_Data,20,0
"April 9, 2021 at 04:48AM",Garden_Data,19.88,0
"April 9, 2021 at 05:02AM",Garden_Data,19.81,0
"April 9, 2021 at 05:16AM",Garden_Data,19.75,0
"April 9, 2021 at 05:31AM",Garden_Data,19.69,0
"April 9, 2021 at 05:45AM",Garden_Data,19.63,0
"April 9, 2021 at 06:00AM",Garden_Data,19.56,0
"April 9, 2021 at 06:14AM",Garden_Data,19.44,0
"April 9, 2021 at 06:29AM",Garden_Data,19.38,0
"April 9, 2021 at 06:43AM",Garden_Data,19.38,0
"April 9, 2021 at 06:58AM",Garden_Data,19.31,7
"April 9, 2021 at 07:12AM",Garden_Data,19.25,19
"April 9, 2021 at 07:27AM",Garden_Data,19.19,30
"April 9, 2021 at 07:41AM",Garden_Data,19.19,40
"April 9, 2021 at 07:56AM",Garden_Data,19.19,51
"April 9, 2021 at 08:10AM",Garden_Data,19.13,55
"April 9, 2021 at 08:24AM",Garden_Data,19.13,58
"April 9, 2021 at 08:39AM",Garden_Data,19.13,76
"April 9, 2021 at 08:53AM",Garden_Data,19.19,161
"April 9, 2021 at 09:08AM",Garden_Data,19.25,341
"April 9, 2021 at 09:22AM",Garden_Data,19.44,188
"April 9, 2021 at 09:37AM",Garden_Data,19.56,237
"April 9, 2021 at 09:52AM",Garden_Data,19.69,352
"April 9, 2021 at 10:06AM",Garden_Data,19.81,234
"April 9, 2021 at 10:20AM",Garden_Data,19.81,159
"April 9, 2021 at 10:35AM",Garden_Data,19.81,113
"April 9, 2021 at 10:49AM",Garden_Data,20.13,120
"April 9, 2021 at 11:04AM",Garden_Data,20.19,146
"April 9, 2021 at 11:18AM",Garden_Data,20.19,117
"April 9, 2021 at 11:33AM",Garden_Data,20.25,126
"April 9, 2021 at 11:47AM",Garden_Data,20.38,133
"April 9, 2021 at 12:02PM",Garden_Data,20.5,136
"April 9, 2021 at 12:16PM",Garden_Data,20.63,146
"April 9, 2021 at 12:31PM",Garden_Data,20.81,166
"April 9, 2021 at 12:45PM",Garden_Data,20.94,169
"April 9, 2021 at 01:00PM",Garden_Data,21.06,195
"April 9, 2021 at 01:14PM",Garden_Data,21.19,160
"April 9, 2021 at 01:29PM",Garden_Data,21.31,193
"April 9, 2021 at 01:43PM",Garden_Data,21.44,164
"April 9, 2021 at 01:58PM",Garden_Data,21.56,166
"April 9, 2021 at 02:12PM",Garden_Data,21.69,148
"April 9, 2021 at 02:27PM",Garden_Data,21.81,186
"April 9, 2021 at 02:41PM",Garden_Data,21.94,151
"April 9, 2021 at 02:56PM",Garden_Data,22.06,199
"April 9, 2021 at 03:10PM",Garden_Data,22.13,170
"April 9, 2021 at 03:25PM",Garden_Data,22.25,771
"April 9, 2021 at 03:39PM",Garden_Data,22.25,667
"April 9, 2021 at 03:54PM",Garden_Data,22.13,166
"April 9, 2021 at 04:08PM",Garden_Data,22.06,112
"April 9, 2021 at 04:23PM",Garden_Data,21.94,110
"April 9, 2021 at 04:37PM",Garden_Data,21.88,100
"April 9, 2021 at 04:52PM",Garden_Data,21.75,106
"April 9, 2021 at 05:06PM",Garden_Data,21.63,109
"April 9, 2021 at 05:21PM",Garden_Data,21.5,75
"April 9, 2021 at 05:35PM",Garden_Data,21.38,69
"April 9, 2021 at 05:49PM",Garden_Data,21.31,84
"April 9, 2021 at 06:04PM",Garden_Data,21.19,84
"April 9, 2021 at 06:18PM",Garden_Data,21.19,62
"April 9, 2021 at 06:33PM",Garden_Data,21.25,43
"April 9, 2021 at 06:47PM",Garden_Data,21.31,57
"April 9, 2021 at 07:02PM",Garden_Data,21.38,22
"April 9, 2021 at 07:16PM",Garden_Data,21.38,8
"April 9, 2021 at 07:31PM",Garden_Data,21.38,1
"April 9, 2021 at 07:45PM",Garden_Data,21.38,0
"April 9, 2021 at 07:59PM",Garden_Data,21.38,0
"April 9, 2021 at 08:14PM",Garden_Data,21.38,0
"April 9, 2021 at 08:28PM",Garden_Data,21.38,0
"April 9, 2021 at 08:43PM",Garden_Data,21.38,0
"April 9, 2021 at 08:57PM",Garden_Data,21.38,0
"April 9, 2021 at 09:12PM",Garden_Data,21.38,0
"April 9, 2021 at 09:26PM",Garden_Data,21.31,0
"April 9, 2021 at 09:41PM",Garden_Data,21.25,0
"April 9, 2021 at 09:55PM",Garden_Data,21.19,0
"April 9, 2021 at 10:10PM",Garden_Data,21.13,0
"April 9, 2021 at 10:24PM",Garden_Data,21.06,0
"April 9, 2021 at 10:39PM",Garden_Data,21,0
"April 9, 2021 at 10:53PM",Garden_Data,20.88,0
"April 9, 2021 at 11:08PM",Garden_Data,20.81,0
"April 9, 2021 at 11:22PM",Garden_Data,20.75,0
"April 9, 2021 at 11:36PM",Garden_Data,20.75,0
"April 9, 2021 at 11:51PM",Garden_Data,20.69,0
"April 10, 2021 at 12:05AM",Garden_Data,20.63,0
"April 10, 2021 at 12:20AM",Garden_Data,20.5,0
"April 10, 2021 at 12:34AM",Garden_Data,20.44,0
"April 10, 2021 at 12:49AM",Garden_Data,20.38,0
"April 10, 2021 at 01:03AM",Garden_Data,20.31,0
"April 10, 2021 at 01:18AM",Garden_Data,20.25,0
"April 10, 2021 at 01:32AM",Garden_Data,20.19,0
"April 10, 2021 at 01:47AM",Garden_Data,20.13,0
"April 10, 2021 at 02:01AM",Garden_Data,20,0
"April 10, 2021 at 02:16AM",Garden_Data,19.94,0
"April 10, 2021 at 02:30AM",Garden_Data,19.88,0
"April 10, 2021 at 02:45AM",Garden_Data,19.81,0
"April 10, 2021 at 02:59AM",Garden_Data,19.75,0
"April 10, 2021 at 03:14AM",Garden_Data,19.69,0
"April 10, 2021 at 03:28AM",Garden_Data,19.63,0
"April 10, 2021 at 03:43AM",Garden_Data,19.56,0
"April 10, 2021 at 03:57AM",Garden_Data,19.5,0
"April 10, 2021 at 04:12AM",Garden_Data,19.44,0
"April 10, 2021 at 04:26AM",Garden_Data,19.38,0
"April 10, 2021 at 04:40AM",Garden_Data,19.31,0
"April 10, 2021 at 04:55AM",Garden_Data,19.25,0
"April 10, 2021 at 05:09AM",Garden_Data,19.19,0
"April 10, 2021 at 05:24AM",Garden_Data,19.13,0
"April 10, 2021 at 05:38AM",Garden_Data,19.06,0
"April 10, 2021 at 05:53AM",Garden_Data,19,0
"April 10, 2021 at 06:07AM",Garden_Data,18.94,0
"April 10, 2021 at 06:22AM",Garden_Data,18.88,0
"April 10, 2021 at 06:36AM",Garden_Data,18.81,0
"April 10, 2021 at 06:51AM",Garden_Data,18.75,2
"April 10, 2021 at 07:05AM",Garden_Data,18.75,8
"April 10, 2021 at 07:20AM",Garden_Data,18.69,12
"April 10, 2021 at 07:34AM",Garden_Data,18.63,21
"April 10, 2021 at 07:48AM",Garden_Data,18.63,31
"April 10, 2021 at 08:03AM",Garden_Data,18.56,41
"April 10, 2021 at 08:17AM",Garden_Data,18.56,46
"April 10, 2021 at 08:32AM",Garden_Data,18.56,51
"April 10, 2021 at 08:46AM",Garden_Data,18.5,48
"April 10, 2021 at 09:01AM",Garden_Data,18.5,61
"April 10, 2021 at 09:15AM",Garden_Data,18.56,79
"April 10, 2021 at 09:30AM",Garden_Data,18.56,86
"April 10, 2021 at 09:44AM",Garden_Data,18.69,80
"April 10, 2021 at 09:59AM",Garden_Data,18.75,72
"April 10, 2021 at 10:13AM",Garden_Data,18.81,69
"April 10, 2021 at 10:28AM",Garden_Data,18.81,81
"April 10, 2021 at 10:42AM",Garden_Data,18.88,93
"April 10, 2021 at 10:57AM",Garden_Data,19,98
"April 10, 2021 at 11:11AM",Garden_Data,19.06,103
"April 10, 2021 at 11:26AM",Garden_Data,19.13,124
"April 10, 2021 at 11:40AM",Garden_Data,19.25,138
"April 10, 2021 at 11:55AM",Garden_Data,19.31,133
"April 10, 2021 at 12:09PM",Garden_Data,19.44,42
"April 10, 2021 at 12:24PM",Garden_Data,19.5,104
"April 10, 2021 at 12:38PM",Garden_Data,19.56,197
"April 10, 2021 at 12:53PM",Garden_Data,19.69,185
"April 10, 2021 at 01:07PM",Garden_Data,19.81,201
"April 10, 2021 at 01:22PM",Garden_Data,20,202
"April 10, 2021 at 01:36PM",Garden_Data,20.13,208
"April 10, 2021 at 01:51PM",Garden_Data,20.25,237
"April 10, 2021 at 02:05PM",Garden_Data,20.44,134
"April 10, 2021 at 02:20PM",Garden_Data,20.56,111
"April 10, 2021 at 02:34PM",Garden_Data,20.75,210
"April 10, 2021 at 02:49PM",Garden_Data,20.88,243
"April 10, 2021 at 03:03PM",Garden_Data,21,111
"April 10, 2021 at 03:18PM",Garden_Data,21.13,156
"April 10, 2021 at 03:32PM",Garden_Data,21.25,127
"April 10, 2021 at 03:46PM",Garden_Data,21.31,51
"April 10, 2021 at 04:01PM",Garden_Data,21.38,68
"April 10, 2021 at 04:15PM",Garden_Data,21.44,40
"April 10, 2021 at 04:30PM",Garden_Data,21.44,62
"April 10, 2021 at 04:44PM",Garden_Data,21.5,45
"April 10, 2021 at 04:59PM",Garden_Data,21.5,48
"April 10, 2021 at 05:13PM",Garden_Data,21.5,72
"April 10, 2021 at 05:28PM",Garden_Data,21.5,46
"April 10, 2021 at 05:42PM",Garden_Data,21.5,30
"April 10, 2021 at 05:57PM",Garden_Data,21.56,24
"April 10, 2021 at 06:11PM",Garden_Data,21.5,16
"April 10, 2021 at 06:25PM",Garden_Data,21.56,28
"April 10, 2021 at 06:40PM",Garden_Data,21.56,41
"April 10, 2021 at 06:54PM",Garden_Data,21.56,41
"April 10, 2021 at 07:09PM",Garden_Data,21.56,12
"April 10, 2021 at 07:23PM",Garden_Data,21.5,6
"April 10, 2021 at 07:38PM",Garden_Data,21.5,1
"April 10, 2021 at 07:52PM",Garden_Data,21.44,0
"April 10, 2021 at 08:07PM",Garden_Data,21.38,0
"April 10, 2021 at 08:21PM",Garden_Data,21.31,0
"April 10, 2021 at 08:36PM",Garden_Data,21.31,0
"April 10, 2021 at 08:50PM",Garden_Data,21.25,0
"April 10, 2021 at 09:05PM",Garden_Data,21.19,0
"April 10, 2021 at 09:19PM",Garden_Data,21.13,0
"April 10, 2021 at 09:34PM",Garden_Data,21.13,0
"April 10, 2021 at 09:40PM",Garden_Data,21.06,1
"April 10, 2021 at 09:55PM",Garden_Data,21.06,1
"April 10, 2021 at 10:09PM",Garden_Data,21,1
"April 10, 2021 at 10:23PM",Garden_Data,21,1
"April 10, 2021 at 10:38PM",Garden_Data,20.94,2
"April 10, 2021 at 10:52PM",Garden_Data,20.94,2
"April 10, 2021 at 11:07PM",Garden_Data,20.94,1
"April 10, 2021 at 11:21PM",Garden_Data,20.88,2
"April 10, 2021 at 11:36PM",Garden_Data,20.88,2
"April 10, 2021 at 11:50PM",Garden_Data,20.88,2
"April 11, 2021 at 12:05AM",Garden_Data,20.88,0
"April 11, 2021 at 12:19AM",Garden_Data,20.81,0
"April 11, 2021 at 12:34AM",Garden_Data,20.75,0
"April 11, 2021 at 12:48AM",Garden_Data,20.75,0
"April 11, 2021 at 01:03AM",Garden_Data,20.69,0
"April 11, 2021 at 01:17AM",Garden_Data,20.63,0
"April 11, 2021 at 01:32AM",Garden_Data,20.56,0
"April 11, 2021 at 01:46AM",Garden_Data,20.5,0
"April 11, 2021 at 02:01AM",Garden_Data,20.44,0
"April 11, 2021 at 02:15AM",Garden_Data,20.44,0
"April 11, 2021 at 02:30AM",Garden_Data,20.38,0
"April 11, 2021 at 02:44AM",Garden_Data,20.31,0
"April 11, 2021 at 02:59AM",Garden_Data,20.25,0
"April 11, 2021 at 03:13AM",Garden_Data,20.19,0
"April 11, 2021 at 03:28AM",Garden_Data,20.13,0
"April 11, 2021 at 03:42AM",Garden_Data,20.13,0
"April 11, 2021 at 03:56AM",Garden_Data,20.06,0
"April 11, 2021 at 04:11AM",Garden_Data,20,0
"April 11, 2021 at 04:25AM",Garden_Data,19.94,0
"April 11, 2021 at 04:40AM",Garden_Data,19.88,0
"April 11, 2021 at 04:54AM",Garden_Data,19.88,0
"April 11, 2021 at 05:09AM",Garden_Data,19.81,0
"April 11, 2021 at 05:23AM",Garden_Data,19.75,0
"April 11, 2021 at 05:38AM",Garden_Data,19.69,0
"April 11, 2021 at 05:52AM",Garden_Data,19.69,0
"April 11, 2021 at 06:07AM",Garden_Data,19.63,0
"April 11, 2021 at 06:21AM",Garden_Data,19.63,0
"April 11, 2021 at 06:36AM",Garden_Data,19.56,0
"April 11, 2021 at 06:50AM",Garden_Data,19.56,1
"April 11, 2021 at 07:05AM",Garden_Data,19.56,5
"April 11, 2021 at 07:19AM",Garden_Data,19.56,13
"April 11, 2021 at 07:34AM",Garden_Data,19.5,22
"April 11, 2021 at 07:48AM",Garden_Data,19.5,42
"April 11, 2021 at 08:03AM",Garden_Data,19.5,65
"April 11, 2021 at 08:17AM",Garden_Data,19.5,58
"April 11, 2021 at 08:32AM",Garden_Data,19.5,64
"April 11, 2021 at 08:46AM",Garden_Data,19.5,64
"April 11, 2021 at 09:00AM",Garden_Data,19.5,277
"April 11, 2021 at 09:15AM",Garden_Data,19.38,304
"April 11, 2021 at 09:29AM",Garden_Data,19.38,337
"April 11, 2021 at 09:44AM",Garden_Data,19.25,254
"April 11, 2021 at 09:58AM",Garden_Data,19.19,641
"April 11, 2021 at 10:13AM",Garden_Data,19.25,385
"April 11, 2021 at 10:27AM",Garden_Data,19.31,429
"April 11, 2021 at 10:42AM",Garden_Data,19.38,286
"April 11, 2021 at 10:56AM",Garden_Data,19.25,346
"April 11, 2021 at 11:11AM",Garden_Data,19.38,375
"April 11, 2021 at 11:25AM",Garden_Data,20.13,424
"April 11, 2021 at 11:40AM",Garden_Data,21.13,482
"April 11, 2021 at 11:54AM",Garden_Data,21.75,288
"April 11, 2021 at 12:09PM",Garden_Data,22.69,502
"April 11, 2021 at 12:23PM",Garden_Data,23.06,357
"April 11, 2021 at 12:52PM",Garden_Data,24.75,368
"April 11, 2021 at 01:07PM",Garden_Data,25.88,344
"April 11, 2021 at 01:22PM",Garden_Data,26.94,570
"April 11, 2021 at 01:36PM",Garden_Data,28.13,566
"April 11, 2021 at 01:51PM",Garden_Data,29.06,543
"April 11, 2021 at 02:05PM",Garden_Data,29.38,561
"April 11, 2021 at 02:19PM",Garden_Data,29.81,594
"April 11, 2021 at 02:34PM",Garden_Data,30.13,704
"April 11, 2021 at 02:49PM",Garden_Data,31.13,817
"April 11, 2021 at 03:03PM",Garden_Data,31.75,857
"April 11, 2021 at 03:18PM",Garden_Data,31.13,848
"April 11, 2021 at 03:32PM",Garden_Data,30.94,838
"April 11, 2021 at 03:47PM",Garden_Data,31.75,896
"April 11, 2021 at 04:01PM",Garden_Data,31.81,472
"April 11, 2021 at 04:15PM",Garden_Data,30.88,360
"April 11, 2021 at 04:29PM",Garden_Data,29.75,380
"April 11, 2021 at 04:44PM",Garden_Data,29,316
"April 11, 2021 at 04:58PM",Garden_Data,28.13,341
"April 11, 2021 at 05:13PM",Garden_Data,27.31,274
"April 11, 2021 at 05:27PM",Garden_Data,26.56,244
"April 11, 2021 at 05:42PM",Garden_Data,25.88,243
"April 11, 2021 at 05:56PM",Garden_Data,25.38,268
"April 11, 2021 at 06:11PM",Garden_Data,24.88,277
"April 11, 2021 at 06:25PM",Garden_Data,24.5,260
"April 11, 2021 at 06:40PM",Garden_Data,24,172
"April 11, 2021 at 06:54PM",Garden_Data,23.5,144
"April 11, 2021 at 07:09PM",Garden_Data,23.06,120
"April 11, 2021 at 07:23PM",Garden_Data,22.63,91
"April 11, 2021 at 07:37PM",Garden_Data,22.25,56
"April 11, 2021 at 07:43PM",Garden_Data,22.06,26
"April 11, 2021 at 07:58PM",Garden_Data,21.69,8
"April 11, 2021 at 08:12PM",Garden_Data,21.38,0
"April 11, 2021 at 08:26PM",Garden_Data,21,0
"April 11, 2021 at 08:41PM",Garden_Data,20.69,0
"April 11, 2021 at 08:55PM",Garden_Data,20.38,0
"April 11, 2021 at 09:10PM",Garden_Data,20,0
"April 11, 2021 at 09:24PM",Garden_Data,19.69,0
"April 11, 2021 at 09:39PM",Garden_Data,19.31,0
"April 11, 2021 at 09:53PM",Garden_Data,19,0
"April 11, 2021 at 10:08PM",Garden_Data,18.69,0
"April 11, 2021 at 10:22PM",Garden_Data,18.38,0
"April 11, 2021 at 10:37PM",Garden_Data,18.06,0
"April 11, 2021 at 10:51PM",Garden_Data,17.88,0
"April 11, 2021 at 11:06PM",Garden_Data,17.56,0
"April 11, 2021 at 11:20PM",Garden_Data,17.31,0
"April 11, 2021 at 11:34PM",Garden_Data,17.06,0
"April 11, 2021 at 11:49PM",Garden_Data,16.81,0
"April 12, 2021 at 12:03AM",Garden_Data,16.5,0
"April 12, 2021 at 12:18AM",Garden_Data,16.19,0
"April 12, 2021 at 12:32AM",Garden_Data,15.94,0
"April 12, 2021 at 12:47AM",Garden_Data,15.69,0
"April 12, 2021 at 01:01AM",Garden_Data,15.44,0
"April 12, 2021 at 01:16AM",Garden_Data,15.19,0
"April 12, 2021 at 01:30AM",Garden_Data,14.94,0
"April 12, 2021 at 01:45AM",Garden_Data,14.69,0
"April 12, 2021 at 01:59AM",Garden_Data,14.44,0
"April 12, 2021 at 02:13AM",Garden_Data,14.19,0
"April 12, 2021 at 02:28AM",Garden_Data,14,0
"April 12, 2021 at 02:42AM",Garden_Data,13.75,0
"April 12, 2021 at 02:57AM",Garden_Data,13.56,0
"April 12, 2021 at 03:11AM",Garden_Data,13.38,0
"April 12, 2021 at 03:26AM",Garden_Data,13.19,0
"April 12, 2021 at 03:40AM",Garden_Data,13,0
"April 12, 2021 at 03:55AM",Garden_Data,12.75,0
"April 12, 2021 at 04:09AM",Garden_Data,12.56,0
"April 12, 2021 at 04:24AM",Garden_Data,12.38,0
"April 12, 2021 at 04:38AM",Garden_Data,12.25,0
"April 12, 2021 at 04:53AM",Garden_Data,12.06,0
"April 12, 2021 at 05:07AM",Garden_Data,11.88,0
"April 12, 2021 at 05:21AM",Garden_Data,11.63,0
"April 12, 2021 at 05:36AM",Garden_Data,11.44,0
"April 12, 2021 at 05:50AM",Garden_Data,11.25,0
"April 12, 2021 at 06:05AM",Garden_Data,11.06,0
"April 12, 2021 at 06:19AM",Garden_Data,10.88,0
"April 12, 2021 at 06:34AM",Garden_Data,10.69,1
"April 12, 2021 at 06:48AM",Garden_Data,10.56,18
"April 12, 2021 at 07:03AM",Garden_Data,10.44,54
"April 12, 2021 at 07:17AM",Garden_Data,10.44,80
"April 12, 2021 at 07:32AM",Garden_Data,10.38,82
"April 12, 2021 at 07:46AM",Garden_Data,10.25,97
"April 12, 2021 at 08:00AM",Garden_Data,10.25,108
"April 12, 2021 at 08:15AM",Garden_Data,10.25,116
"April 12, 2021 at 08:29AM",Garden_Data,10.44,186
"April 12, 2021 at 08:44AM",Garden_Data,10.81,186
"April 12, 2021 at 08:59AM",Garden_Data,11,409
"April 12, 2021 at 09:13AM",Garden_Data,11.88,426
"April 12, 2021 at 09:28AM",Garden_Data,12.19,296
"April 12, 2021 at 09:42AM",Garden_Data,12.5,420
"April 12, 2021 at 09:57AM",Garden_Data,12.56,564
"April 12, 2021 at 10:11AM",Garden_Data,12.69,193
"April 12, 2021 at 10:25AM",Garden_Data,12.94,217
"April 12, 2021 at 10:40AM",Garden_Data,13.5,432
"April 12, 2021 at 10:54AM",Garden_Data,14,410
"April 12, 2021 at 11:09AM",Garden_Data,14.38,336
"April 12, 2021 at 11:23AM",Garden_Data,15.38,452
"April 12, 2021 at 11:38AM",Garden_Data,16.69,470
"April 12, 2021 at 11:53AM",Garden_Data,18.44,534
"April 12, 2021 at 12:07PM",Garden_Data,20.38,596
"April 12, 2021 at 12:22PM",Garden_Data,22,718
"April 12, 2021 at 12:36PM",Garden_Data,23.25,632
"April 12, 2021 at 12:51PM",Garden_Data,24.44,537
"April 12, 2021 at 01:01PM",Garden_Data,43.38,196
"April 12, 2021 at 01:15PM",Garden_Data,18.94,918
"April 12, 2021 at 01:30PM",Garden_Data,19.06,913
"April 12, 2021 at 01:44PM",Garden_Data,19.5,905
"April 12, 2021 at 01:58PM",Garden_Data,19.94,902
"April 12, 2021 at 02:13PM",Garden_Data,20.44,903
"April 12, 2021 at 02:28PM",Garden_Data,21,890
"April 12, 2021 at 02:42PM",Garden_Data,21.63,908
"April 12, 2021 at 02:56PM",Garden_Data,22.31,860
"April 12, 2021 at 03:11PM",Garden_Data,22.94,889
"April 12, 2021 at 03:25PM",Garden_Data,23.63,890
"April 12, 2021 at 03:40PM",Garden_Data,24.38,878
"April 12, 2021 at 03:54PM",Garden_Data,25.13,866
"April 12, 2021 at 04:09PM",Garden_Data,25.75,382
"April 12, 2021 at 04:23PM",Garden_Data,26.38,277
"April 12, 2021 at 04:38PM",Garden_Data,26.88,254
"April 12, 2021 at 04:52PM",Garden_Data,27.19,230
"April 12, 2021 at 05:06PM",Garden_Data,27.44,221
"April 12, 2021 at 05:21PM",Garden_Data,27.63,209
"April 12, 2021 at 05:35PM",Garden_Data,27.63,200
"April 12, 2021 at 05:50PM",Garden_Data,27.56,189
"April 12, 2021 at 06:04PM",Garden_Data,27.44,180
"April 12, 2021 at 06:19PM",Garden_Data,27.25,169
"April 12, 2021 at 06:33PM",Garden_Data,27,158
"April 12, 2021 at 06:48PM",Garden_Data,26.75,144
"April 12, 2021 at 07:02PM",Garden_Data,26.5,124
"April 12, 2021 at 07:17PM",Garden_Data,26.19,103
"April 12, 2021 at 07:31PM",Garden_Data,25.94,75
"April 12, 2021 at 07:45PM",Garden_Data,25.69,37
"April 12, 2021 at 08:00PM",Garden_Data,25.44,8
"April 12, 2021 at 08:14PM",Garden_Data,25.19,0
"April 12, 2021 at 08:29PM",Garden_Data,24.88,0
"April 12, 2021 at 08:43PM",Garden_Data,24.63,0
"April 12, 2021 at 08:58PM",Garden_Data,24.31,0
"April 12, 2021 at 09:12PM",Garden_Data,24,0
"April 12, 2021 at 09:26PM",Garden_Data,23.75,0
"April 12, 2021 at 09:41PM",Garden_Data,23.44,0
"April 12, 2021 at 09:55PM",Garden_Data,23.13,0
"April 12, 2021 at 10:10PM",Garden_Data,22.88,0
"April 12, 2021 at 10:24PM",Garden_Data,22.63,0
"April 12, 2021 at 10:39PM",Garden_Data,22.38,0
"April 12, 2021 at 10:53PM",Garden_Data,22.06,0
"April 12, 2021 at 11:07PM",Garden_Data,21.81,0
"April 12, 2021 at 11:22PM",Garden_Data,21.56,0
"April 12, 2021 at 11:36PM",Garden_Data,21.25,0
"April 12, 2021 at 11:51PM",Garden_Data,21,0
"April 13, 2021 at 12:05AM",Garden_Data,20.69,0
"April 13, 2021 at 12:20AM",Garden_Data,20.44,0
"April 13, 2021 at 12:34AM",Garden_Data,20.19,0
"April 13, 2021 at 12:48AM",Garden_Data,19.88,0
"April 13, 2021 at 01:03AM",Garden_Data,19.63,0
"April 13, 2021 at 01:17AM",Garden_Data,19.38,0
"April 13, 2021 at 01:32AM",Garden_Data,19.13,0
"April 13, 2021 at 01:46AM",Garden_Data,18.88,0
"April 13, 2021 at 02:01AM",Garden_Data,18.56,0
"April 13, 2021 at 02:15AM",Garden_Data,18.38,0
"April 13, 2021 at 02:30AM",Garden_Data,18.06,0
"April 13, 2021 at 02:44AM",Garden_Data,17.88,0
"April 13, 2021 at 02:59AM",Garden_Data,17.63,0
"April 13, 2021 at 03:13AM",Garden_Data,17.38,0
"April 13, 2021 at 03:28AM",Garden_Data,17.13,0
"April 13, 2021 at 03:42AM",Garden_Data,16.94,0
"April 13, 2021 at 03:57AM",Garden_Data,16.69,0
"April 13, 2021 at 04:11AM",Garden_Data,16.5,0
"April 13, 2021 at 04:26AM",Garden_Data,16.31,0
"April 13, 2021 at 04:40AM",Garden_Data,16.13,0
"April 13, 2021 at 04:55AM",Garden_Data,15.94,0
"April 13, 2021 at 05:09AM",Garden_Data,15.75,0
"April 13, 2021 at 05:24AM",Garden_Data,15.56,0
"April 13, 2021 at 05:38AM",Garden_Data,15.38,0
"April 13, 2021 at 05:52AM",Garden_Data,15.25,0
"April 13, 2021 at 06:07AM",Garden_Data,15.06,0
"April 13, 2021 at 06:21AM",Garden_Data,14.94,0
"April 13, 2021 at 06:36AM",Garden_Data,14.75,3
"April 13, 2021 at 06:50AM",Garden_Data,14.63,27
"April 13, 2021 at 07:05AM",Garden_Data,14.44,53
"April 13, 2021 at 07:19AM",Garden_Data,14.31,104
"April 13, 2021 at 07:33AM",Garden_Data,14.19,129
"April 13, 2021 at 07:48AM",Garden_Data,14.06,117
"April 13, 2021 at 08:03AM",Garden_Data,13.94,169
"April 13, 2021 at 08:17AM",Garden_Data,13.88,245
"April 13, 2021 at 08:31AM",Garden_Data,13.81,234
"April 13, 2021 at 08:46AM",Garden_Data,13.75,184
"April 13, 2021 at 09:01AM",Garden_Data,13.75,177
"April 13, 2021 at 09:15AM",Garden_Data,13.75,163
"April 13, 2021 at 09:29AM",Garden_Data,13.75,157
"April 13, 2021 at 09:44AM",Garden_Data,13.81,196
"April 13, 2021 at 09:58AM",Garden_Data,13.81,226
"April 13, 2021 at 10:13AM",Garden_Data,13.88,257
"April 13, 2021 at 10:27AM",Garden_Data,13.94,282
"April 13, 2021 at 10:42AM",Garden_Data,14.06,354
"April 13, 2021 at 10:56AM",Garden_Data,14.13,317
"April 13, 2021 at 11:11AM",Garden_Data,14.25,330
"April 13, 2021 at 11:25AM",Garden_Data,14.38,367
"April 13, 2021 at 11:40AM",Garden_Data,14.56,378
"April 13, 2021 at 11:55AM",Garden_Data,14.75,409
"April 13, 2021 at 12:09PM",Garden_Data,15,377
"April 13, 2021 at 12:24PM",Garden_Data,15.25,424
"April 13, 2021 at 12:38PM",Garden_Data,15.5,343
"April 13, 2021 at 12:52PM",Garden_Data,15.69,364
"April 13, 2021 at 01:07PM",Garden_Data,16,445
"April 13, 2021 at 01:22PM",Garden_Data,16.38,466
"April 13, 2021 at 01:36PM",Garden_Data,16.75,376
"April 13, 2021 at 01:51PM",Garden_Data,17,416
"April 13, 2021 at 02:05PM",Garden_Data,17.5,554
"April 13, 2021 at 02:20PM",Garden_Data,18.19,541
"April 13, 2021 at 02:34PM",Garden_Data,18.69,450
"April 13, 2021 at 02:49PM",Garden_Data,19,396
"April 13, 2021 at 03:03PM",Garden_Data,19.25,281
"April 13, 2021 at 03:17PM",Garden_Data,19.38,283
"April 13, 2021 at 03:32PM",Garden_Data,19.56,268
"April 13, 2021 at 03:46PM",Garden_Data,19.75,256
"April 13, 2021 at 04:01PM",Garden_Data,19.94,351
"April 13, 2021 at 04:15PM",Garden_Data,20.19,326
"April 13, 2021 at 04:30PM",Garden_Data,20.38,282
"April 13, 2021 at 04:44PM",Garden_Data,20.5,262
"April 13, 2021 at 04:59PM",Garden_Data,20.63,273
"April 13, 2021 at 05:13PM",Garden_Data,20.75,266
"April 13, 2021 at 05:28PM",Garden_Data,20.81,199
"April 13, 2021 at 05:42PM",Garden_Data,20.81,170
"April 13, 2021 at 05:57PM",Garden_Data,20.88,201
"April 13, 2021 at 06:11PM",Garden_Data,20.88,114
"April 13, 2021 at 06:26PM",Garden_Data,20.88,153
"April 13, 2021 at 06:40PM",Garden_Data,20.81,136
"April 13, 2021 at 06:55PM",Garden_Data,20.81,121
"April 13, 2021 at 07:09PM",Garden_Data,20.63,86
"April 13, 2021 at 07:23PM",Garden_Data,20.63,28
"April 13, 2021 at 07:38PM",Garden_Data,20.5,22
"April 13, 2021 at 07:52PM",Garden_Data,20.38,4
"April 13, 2021 at 08:07PM",Garden_Data,20.31,0
"April 13, 2021 at 08:21PM",Garden_Data,20.25,0
"April 13, 2021 at 08:28PM",Garden_Data,20.19,0
"April 13, 2021 at 08:43PM",Garden_Data,20.13,0
"April 13, 2021 at 08:57PM",Garden_Data,20.06,0
"April 13, 2021 at 09:11PM",Garden_Data,20,0
"April 13, 2021 at 09:26PM",Garden_Data,19.88,0
"April 13, 2021 at 09:40PM",Garden_Data,19.81,0
"April 13, 2021 at 09:55PM",Garden_Data,19.69,0
"April 13, 2021 at 10:09PM",Garden_Data,19.63,0
"April 13, 2021 at 10:24PM",Garden_Data,19.5,0
"April 13, 2021 at 10:38PM",Garden_Data,19.31,0
"April 13, 2021 at 10:53PM",Garden_Data,19.19,0
"April 13, 2021 at 11:07PM",Garden_Data,19.06,0
"April 13, 2021 at 11:22PM",Garden_Data,18.94,0
"April 13, 2021 at 11:36PM",Garden_Data,18.75,0
"April 13, 2021 at 11:50PM",Garden_Data,18.56,0
"April 14, 2021 at 12:05AM",Garden_Data,18.38,0
"April 14, 2021 at 12:19AM",Garden_Data,18.25,0
"April 14, 2021 at 12:34AM",Garden_Data,18.06,0
"April 14, 2021 at 12:48AM",Garden_Data,17.88,0
"April 14, 2021 at 01:03AM",Garden_Data,17.69,0
"April 14, 2021 at 01:17AM",Garden_Data,17.5,0
"April 14, 2021 at 01:32AM",Garden_Data,17.31,0
"April 14, 2021 at 01:46AM",Garden_Data,17.13,0
"April 14, 2021 at 02:01AM",Garden_Data,16.94,0
"April 14, 2021 at 02:15AM",Garden_Data,16.81,0
"April 14, 2021 at 02:29AM",Garden_Data,16.63,0
"April 14, 2021 at 02:44AM",Garden_Data,16.44,0
"April 14, 2021 at 02:58AM",Garden_Data,16.25,0
"April 14, 2021 at 03:13AM",Garden_Data,16.06,0
"April 14, 2021 at 03:27AM",Garden_Data,15.94,0
"April 14, 2021 at 03:42AM",Garden_Data,15.75,0
"April 14, 2021 at 03:56AM",Garden_Data,15.63,0
"April 14, 2021 at 04:11AM",Garden_Data,15.44,0
"April 14, 2021 at 04:25AM",Garden_Data,15.31,0
"April 14, 2021 at 04:40AM",Garden_Data,15.19,0
"April 14, 2021 at 04:54AM",Garden_Data,15.06,0
"April 14, 2021 at 05:08AM",Garden_Data,14.94,0
"April 14, 2021 at 05:23AM",Garden_Data,14.81,0
"April 14, 2021 at 05:37AM",Garden_Data,14.69,0
"April 14, 2021 at 05:52AM",Garden_Data,14.63,0
"April 14, 2021 at 06:06AM",Garden_Data,14.5,0
"April 14, 2021 at 06:21AM",Garden_Data,14.44,0
"April 14, 2021 at 06:35AM",Garden_Data,14.31,1
"April 14, 2021 at 06:50AM",Garden_Data,14.25,16
"April 14, 2021 at 07:04AM",Garden_Data,14.13,37
"April 14, 2021 at 07:19AM",Garden_Data,14.06,53
"April 14, 2021 at 07:33AM",Garden_Data,13.94,68
"April 14, 2021 at 07:48AM",Garden_Data,13.88,78
"April 14, 2021 at 08:02AM",Garden_Data,13.75,86
"April 14, 2021 at 08:17AM",Garden_Data,13.75,93
"April 14, 2021 at 08:31AM",Garden_Data,13.69,99
"April 14, 2021 at 08:46AM",Garden_Data,13.63,106
"April 14, 2021 at 09:00AM",Garden_Data,13.63,117
"April 14, 2021 at 09:14AM",Garden_Data,13.69,124
"April 14, 2021 at 09:29AM",Garden_Data,13.69,130
"April 14, 2021 at 09:44AM",Garden_Data,13.81,142
"April 14, 2021 at 09:58AM",Garden_Data,13.88,151
"April 14, 2021 at 10:13AM",Garden_Data,13.94,184
"April 14, 2021 at 10:27AM",Garden_Data,14,282
"April 14, 2021 at 10:41AM",Garden_Data,14.13,448
"April 14, 2021 at 10:56AM",Garden_Data,14.19,353
"April 14, 2021 at 11:11AM",Garden_Data,14.31,248
"April 14, 2021 at 11:25AM",Garden_Data,14.5,495
"April 14, 2021 at 11:40AM",Garden_Data,14.81,452
"April 14, 2021 at 11:54AM",Garden_Data,15.06,315
"April 14, 2021 at 12:09PM",Garden_Data,15.25,327
"April 14, 2021 at 12:23PM",Garden_Data,15.56,408
"April 14, 2021 at 12:38PM",Garden_Data,15.94,541
"April 14, 2021 at 12:52PM",Garden_Data,16.56,567
"April 14, 2021 at 01:07PM",Garden_Data,17.13,559
"April 14, 2021 at 01:21PM",Garden_Data,17.69,554
"April 14, 2021 at 01:36PM",Garden_Data,18.38,555
"April 14, 2021 at 01:50PM",Garden_Data,19.06,553
"April 14, 2021 at 02:05PM",Garden_Data,19.81,579
"April 14, 2021 at 02:19PM",Garden_Data,20.44,580
"April 14, 2021 at 02:34PM",Garden_Data,20.94,343
"April 14, 2021 at 02:48PM",Garden_Data,21.31,321
"April 14, 2021 at 03:03PM",Garden_Data,21.63,242
"April 14, 2021 at 03:17PM",Garden_Data,21.94,180
"April 14, 2021 at 03:32PM",Garden_Data,22.19,244
"April 14, 2021 at 03:46PM",Garden_Data,22.38,243
"April 14, 2021 at 04:01PM",Garden_Data,22.63,507
"April 14, 2021 at 04:15PM",Garden_Data,22.88,300
"April 14, 2021 at 04:30PM",Garden_Data,23.06,261
"April 14, 2021 at 04:44PM",Garden_Data,23.25,255
"April 14, 2021 at 04:58PM",Garden_Data,23.31,206
"April 14, 2021 at 05:13PM",Garden_Data,23.44,238
"April 14, 2021 at 05:27PM",Garden_Data,23.5,223
"April 14, 2021 at 05:42PM",Garden_Data,23.56,216
"April 14, 2021 at 05:56PM",Garden_Data,23.56,196
"April 14, 2021 at 06:11PM",Garden_Data,23.56,164
"April 14, 2021 at 06:25PM",Garden_Data,23.56,137
"April 14, 2021 at 06:40PM",Garden_Data,23.5,96
"April 14, 2021 at 06:54PM",Garden_Data,23.5,87
"April 14, 2021 at 07:09PM",Garden_Data,23.44,86
"April 14, 2021 at 07:23PM",Garden_Data,23.44,42
"April 14, 2021 at 07:38PM",Garden_Data,23.38,20
"April 14, 2021 at 07:52PM",Garden_Data,23.31,4
"April 14, 2021 at 08:07PM",Garden_Data,23.25,0
"April 14, 2021 at 08:21PM",Garden_Data,23.19,0
"April 14, 2021 at 08:36PM",Garden_Data,23.13,0
"April 14, 2021 at 08:50PM",Garden_Data,23.06,0
"April 14, 2021 at 09:05PM",Garden_Data,23,0
"April 14, 2021 at 09:19PM",Garden_Data,22.94,0
"April 14, 2021 at 09:33PM",Garden_Data,22.81,0
"April 14, 2021 at 09:48PM",Garden_Data,22.75,0
"April 14, 2021 at 10:02PM",Garden_Data,22.63,0
"April 14, 2021 at 10:17PM",Garden_Data,22.44,0
"April 14, 2021 at 10:31PM",Garden_Data,22.31,0
"April 14, 2021 at 10:45PM",Garden_Data,22.13,0
"April 14, 2021 at 11:00PM",Garden_Data,22,0
"April 14, 2021 at 11:14PM",Garden_Data,21.88,0
"April 14, 2021 at 11:29PM",Garden_Data,21.75,0
"April 14, 2021 at 11:43PM",Garden_Data,21.63,0
"April 14, 2021 at 11:58PM",Garden_Data,21.44,0
"April 15, 2021 at 12:12AM",Garden_Data,21.31,0
"April 15, 2021 at 12:27AM",Garden_Data,21.13,0
"April 15, 2021 at 12:41AM",Garden_Data,21,0
"April 15, 2021 at 12:56AM",Garden_Data,20.88,0
"April 15, 2021 at 01:10AM",Garden_Data,20.69,0
"April 15, 2021 at 01:24AM",Garden_Data,20.56,0
"April 15, 2021 at 01:39AM",Garden_Data,20.38,0
"April 15, 2021 at 01:53AM",Garden_Data,20.25,0
"April 15, 2021 at 02:08AM",Garden_Data,20.06,0
"April 15, 2021 at 02:22AM",Garden_Data,19.94,0
"April 15, 2021 at 02:37AM",Garden_Data,19.81,0
"April 15, 2021 at 02:51AM",Garden_Data,19.69,0
"April 15, 2021 at 03:06AM",Garden_Data,19.5,0
"April 15, 2021 at 03:20AM",Garden_Data,19.38,0
"April 15, 2021 at 03:35AM",Garden_Data,19.25,0
"April 15, 2021 at 03:49AM",Garden_Data,19.06,0
"April 15, 2021 at 04:04AM",Garden_Data,19,0
"April 15, 2021 at 04:18AM",Garden_Data,18.81,0
"April 15, 2021 at 04:33AM",Garden_Data,18.69,0
"April 15, 2021 at 04:47AM",Garden_Data,18.56,0
"April 15, 2021 at 05:02AM",Garden_Data,18.44,0
"April 15, 2021 at 05:16AM",Garden_Data,18.25,0
"April 15, 2021 at 05:30AM",Garden_Data,18.13,0
"April 15, 2021 at 05:45AM",Garden_Data,18,0
"April 15, 2021 at 05:59AM",Garden_Data,17.81,0
"April 15, 2021 at 06:14AM",Garden_Data,17.69,0
"April 15, 2021 at 06:28AM",Garden_Data,17.56,0
"April 15, 2021 at 06:43AM",Garden_Data,17.38,8
"April 15, 2021 at 06:57AM",Garden_Data,17.25,26
"April 15, 2021 at 07:12AM",Garden_Data,17.19,56
"April 15, 2021 at 07:26AM",Garden_Data,17,90
"April 15, 2021 at 07:41AM",Garden_Data,16.94,86
"April 15, 2021 at 07:55AM",Garden_Data,16.81,125
"April 15, 2021 at 08:09AM",Garden_Data,16.69,118
"April 15, 2021 at 08:24AM",Garden_Data,16.63,86
"April 15, 2021 at 08:38AM",Garden_Data,16.56,108
"April 15, 2021 at 08:53AM",Garden_Data,16.5,125
"April 15, 2021 at 09:07AM",Garden_Data,16.44,123
"April 15, 2021 at 09:22AM",Garden_Data,16.38,128
"April 15, 2021 at 09:36AM",Garden_Data,16.31,147
"April 15, 2021 at 09:51AM",Garden_Data,16.31,168
"April 15, 2021 at 10:05AM",Garden_Data,16.25,240
"April 15, 2021 at 10:20AM",Garden_Data,16.19,235
"April 15, 2021 at 10:34AM",Garden_Data,16.25,281
"April 15, 2021 at 10:49AM",Garden_Data,16.25,318
"April 15, 2021 at 11:03AM",Garden_Data,16.31,266
"April 15, 2021 at 11:18AM",Garden_Data,16.31,307
"April 15, 2021 at 11:32AM",Garden_Data,16.38,526
"April 15, 2021 at 11:46AM",Garden_Data,16.5,465
"April 15, 2021 at 12:01PM",Garden_Data,16.69,360
"April 15, 2021 at 12:15PM",Garden_Data,16.81,488
"April 15, 2021 at 12:30PM",Garden_Data,16.94,322
"April 15, 2021 at 12:44PM",Garden_Data,17,308
"April 15, 2021 at 12:59PM",Garden_Data,17.06,253
"April 15, 2021 at 01:13PM",Garden_Data,17.13,292
"April 15, 2021 at 01:28PM",Garden_Data,17.25,446
"April 15, 2021 at 01:42PM",Garden_Data,17.31,225
"April 15, 2021 at 01:56PM",Garden_Data,17.44,530
"April 15, 2021 at 02:11PM",Garden_Data,17.81,541
"April 15, 2021 at 02:25PM",Garden_Data,18.19,512
"April 15, 2021 at 02:40PM",Garden_Data,18.5,424
"April 15, 2021 at 02:54PM",Garden_Data,18.69,406
"April 15, 2021 at 03:09PM",Garden_Data,18.88,511
"April 15, 2021 at 03:23PM",Garden_Data,19.13,523
"April 15, 2021 at 03:38PM",Garden_Data,19.5,540
"April 15, 2021 at 03:52PM",Garden_Data,19.88,524
"April 15, 2021 at 04:07PM",Garden_Data,20.19,266
"April 15, 2021 at 04:18PM",Garden_Data,20.44,207
"April 15, 2021 at 04:32PM",Garden_Data,20.69,194
"April 15, 2021 at 04:47PM",Garden_Data,20.88,182
"April 15, 2021 at 05:01PM",Garden_Data,21,196
"April 15, 2021 at 05:16PM",Garden_Data,21.13,161
"April 15, 2021 at 05:30PM",Garden_Data,21.13,182
"April 15, 2021 at 05:45PM",Garden_Data,21.13,189
"April 15, 2021 at 05:59PM",Garden_Data,21.13,195
"April 15, 2021 at 06:13PM",Garden_Data,21.06,152
"April 15, 2021 at 06:28PM",Garden_Data,21,151
"April 15, 2021 at 06:42PM",Garden_Data,20.88,114
"April 15, 2021 at 06:57PM",Garden_Data,20.75,88
"April 15, 2021 at 07:11PM",Garden_Data,20.56,74
"April 15, 2021 at 07:26PM",Garden_Data,20.44,56
"April 15, 2021 at 07:40PM",Garden_Data,20.25,36
"April 15, 2021 at 07:55PM",Garden_Data,20,12
"April 15, 2021 at 08:09PM",Garden_Data,19.81,0
"April 15, 2021 at 08:24PM",Garden_Data,19.56,0
"April 15, 2021 at 08:38PM",Garden_Data,19.31,0
"April 15, 2021 at 08:52PM",Garden_Data,19.13,0
"April 15, 2021 at 09:07PM",Garden_Data,18.88,0
"April 15, 2021 at 09:21PM",Garden_Data,18.63,0
"April 15, 2021 at 09:36PM",Garden_Data,18.38,0
"April 15, 2021 at 09:50PM",Garden_Data,18.13,0
"April 15, 2021 at 10:05PM",Garden_Data,17.88,0
"April 15, 2021 at 10:19PM",Garden_Data,17.63,0
"April 15, 2021 at 10:34PM",Garden_Data,17.38,0
"April 15, 2021 at 10:48PM",Garden_Data,17.13,0
"April 15, 2021 at 11:02PM",Garden_Data,16.88,0
"April 15, 2021 at 11:17PM",Garden_Data,16.63,0
"April 15, 2021 at 11:31PM",Garden_Data,16.38,0
"April 15, 2021 at 11:46PM",Garden_Data,16.13,0
"April 16, 2021 at 12:00AM",Garden_Data,15.88,0
"April 16, 2021 at 12:15AM",Garden_Data,15.63,0
"April 16, 2021 at 12:29AM",Garden_Data,15.38,0
"April 16, 2021 at 12:43AM",Garden_Data,15.13,0
"April 16, 2021 at 12:58AM",Garden_Data,14.94,0
"April 16, 2021 at 01:12AM",Garden_Data,14.69,0
"April 16, 2021 at 01:27AM",Garden_Data,14.44,0
"April 16, 2021 at 01:41AM",Garden_Data,14.19,0
"April 16, 2021 at 01:56AM",Garden_Data,14,0
"April 16, 2021 at 02:10AM",Garden_Data,13.75,0
"April 16, 2021 at 02:25AM",Garden_Data,13.5,0
"April 16, 2021 at 02:39AM",Garden_Data,13.31,0
"April 16, 2021 at 02:53AM",Garden_Data,13.06,0
"April 16, 2021 at 03:08AM",Garden_Data,12.88,0
"April 16, 2021 at 03:22AM",Garden_Data,12.63,0
"April 16, 2021 at 03:37AM",Garden_Data,12.44,0
"April 16, 2021 at 03:51AM",Garden_Data,12.19,0
"April 16, 2021 at 04:06AM",Garden_Data,12,0
"April 16, 2021 at 04:20AM",Garden_Data,11.81,0
"April 16, 2021 at 04:35AM",Garden_Data,11.63,0
"April 16, 2021 at 04:49AM",Garden_Data,11.38,0
"April 16, 2021 at 05:03AM",Garden_Data,11.19,0
"April 16, 2021 at 05:18AM",Garden_Data,10.94,0
"April 16, 2021 at 05:32AM",Garden_Data,10.75,0
"April 16, 2021 at 05:47AM",Garden_Data,10.56,0
"April 16, 2021 at 06:01AM",Garden_Data,10.38,0
"April 16, 2021 at 06:16AM",Garden_Data,10.13,0
"April 16, 2021 at 06:30AM",Garden_Data,9.94,1
"April 16, 2021 at 06:45AM",Garden_Data,9.75,14
"April 16, 2021 at 06:59AM",Garden_Data,9.56,33
"April 16, 2021 at 07:13AM",Garden_Data,9.38,49
"April 16, 2021 at 07:28AM",Garden_Data,9.19,60
"April 16, 2021 at 07:42AM",Garden_Data,9.06,68
"April 16, 2021 at 07:57AM",Garden_Data,8.88,73
"April 16, 2021 at 08:11AM",Garden_Data,8.75,77
"April 16, 2021 at 08:26AM",Garden_Data,8.63,85
"April 16, 2021 at 08:40AM",Garden_Data,8.56,89
"April 16, 2021 at 08:55AM",Garden_Data,8.5,97
"April 16, 2021 at 09:09AM",Garden_Data,8.44,98
"April 16, 2021 at 09:24AM",Garden_Data,8.44,104
"April 16, 2021 at 09:38AM",Garden_Data,8.44,109
"April 16, 2021 at 09:53AM",Garden_Data,8.44,114
"April 16, 2021 at 10:07AM",Garden_Data,8.44,116
"April 16, 2021 at 10:22AM",Garden_Data,8.44,163
"April 16, 2021 at 10:36AM",Garden_Data,8.44,427
"April 16, 2021 at 10:51AM",Garden_Data,8.44,319
"April 16, 2021 at 11:05AM",Garden_Data,8.5,228
"April 16, 2021 at 11:20AM",Garden_Data,8.56,459
"April 16, 2021 at 11:34AM",Garden_Data,8.75,542
"April 16, 2021 at 11:49AM",Garden_Data,9.19,526
"April 16, 2021 at 12:03PM",Garden_Data,9.5,518
"April 16, 2021 at 12:18PM",Garden_Data,9.88,536
"April 16, 2021 at 12:33PM",Garden_Data,10.31,533
"April 16, 2021 at 12:47PM",Garden_Data,10.88,546
"April 16, 2021 at 01:01PM",Garden_Data,11.56,555
"April 16, 2021 at 01:16PM",Garden_Data,12.19,553
"April 16, 2021 at 01:31PM",Garden_Data,12.88,554
"April 16, 2021 at 01:45PM",Garden_Data,13.5,546
"April 16, 2021 at 02:00PM",Garden_Data,14.13,547
"April 16, 2021 at 02:14PM",Garden_Data,14.69,561
"April 16, 2021 at 02:29PM",Garden_Data,15.25,559
"April 16, 2021 at 02:43PM",Garden_Data,15.88,559
"April 16, 2021 at 02:58PM",Garden_Data,16.5,537
"April 16, 2021 at 03:12PM",Garden_Data,17.19,547
"April 16, 2021 at 03:27PM",Garden_Data,17.88,542
"April 16, 2021 at 03:41PM",Garden_Data,18.63,533
"April 16, 2021 at 03:56PM",Garden_Data,19.44,526
"April 16, 2021 at 04:10PM",Garden_Data,20.13,181
"April 16, 2021 at 04:24PM",Garden_Data,20.63,163
"April 16, 2021 at 04:39PM",Garden_Data,21.06,151
"April 16, 2021 at 04:53PM",Garden_Data,21.38,189
"April 16, 2021 at 05:07PM",Garden_Data,21.56,152
"April 16, 2021 at 05:22PM",Garden_Data,21.69,161
"April 16, 2021 at 05:36PM",Garden_Data,21.75,171
"April 16, 2021 at 05:51PM",Garden_Data,21.75,161
"April 16, 2021 at 06:05PM",Garden_Data,21.69,113
"April 16, 2021 at 06:20PM",Garden_Data,21.56,132
"April 16, 2021 at 06:34PM",Garden_Data,21.44,109
"April 16, 2021 at 06:49PM",Garden_Data,21.25,117
"April 16, 2021 at 07:03PM",Garden_Data,21,89
"April 16, 2021 at 07:17PM",Garden_Data,20.81,60
"April 16, 2021 at 07:32PM",Garden_Data,20.56,48
"April 16, 2021 at 07:46PM",Garden_Data,20.38,19
"April 16, 2021 at 08:01PM",Garden_Data,20.13,4
"April 16, 2021 at 08:15PM",Garden_Data,19.94,0
"April 16, 2021 at 08:30PM",Garden_Data,19.69,0
"April 16, 2021 at 08:44PM",Garden_Data,19.44,0
"April 16, 2021 at 08:59PM",Garden_Data,19.19,0
"April 16, 2021 at 09:04PM",Garden_Data,19.13,0
"April 16, 2021 at 09:18PM",Garden_Data,18.88,0
"April 16, 2021 at 09:33PM",Garden_Data,18.63,0
"April 16, 2021 at 09:47PM",Garden_Data,18.38,0
"April 16, 2021 at 10:02PM",Garden_Data,18.06,0
"April 16, 2021 at 10:16PM",Garden_Data,17.88,0
"April 16, 2021 at 10:31PM",Garden_Data,17.56,0
"April 16, 2021 at 10:45PM",Garden_Data,17.31,0
"April 16, 2021 at 11:00PM",Garden_Data,17.06,0
"April 16, 2021 at 11:14PM",Garden_Data,16.81,0
"April 16, 2021 at 11:28PM",Garden_Data,16.56,0
"April 16, 2021 at 11:43PM",Garden_Data,16.31,0
"April 16, 2021 at 11:57PM",Garden_Data,16.06,0
"April 17, 2021 at 12:12AM",Garden_Data,15.81,0
"April 17, 2021 at 12:26AM",Garden_Data,15.63,0
"April 17, 2021 at 12:41AM",Garden_Data,15.38,0
"April 17, 2021 at 12:55AM",Garden_Data,15.13,0
"April 17, 2021 at 01:10AM",Garden_Data,14.88,0
"April 17, 2021 at 01:24AM",Garden_Data,14.69,0
"April 17, 2021 at 01:39AM",Garden_Data,14.5,0
"April 17, 2021 at 01:53AM",Garden_Data,14.31,0
"April 17, 2021 at 02:08AM",Garden_Data,14.06,0
"April 17, 2021 at 02:22AM",Garden_Data,13.88,0
"April 17, 2021 at 02:36AM",Garden_Data,13.69,0
"April 17, 2021 at 02:51AM",Garden_Data,13.5,0
"April 17, 2021 at 03:05AM",Garden_Data,13.31,0
"April 17, 2021 at 03:20AM",Garden_Data,13.13,0
"April 17, 2021 at 03:34AM",Garden_Data,12.94,0
"April 17, 2021 at 03:49AM",Garden_Data,12.75,0
"April 17, 2021 at 04:03AM",Garden_Data,12.56,0
"April 17, 2021 at 04:18AM",Garden_Data,12.38,0
"April 17, 2021 at 04:32AM",Garden_Data,12.19,0
"April 17, 2021 at 04:47AM",Garden_Data,12,0
"April 17, 2021 at 05:01AM",Garden_Data,11.81,0
"April 17, 2021 at 05:15AM",Garden_Data,11.69,0
"April 17, 2021 at 05:30AM",Garden_Data,11.5,0
"April 17, 2021 at 05:44AM",Garden_Data,11.31,0
"April 17, 2021 at 05:59AM",Garden_Data,11.13,0
"April 17, 2021 at 06:13AM",Garden_Data,10.94,0
"April 17, 2021 at 06:28AM",Garden_Data,10.81,1
"April 17, 2021 at 06:42AM",Garden_Data,10.63,12
"April 17, 2021 at 06:57AM",Garden_Data,10.5,31
"April 17, 2021 at 07:11AM",Garden_Data,10.38,54
"April 17, 2021 at 07:26AM",Garden_Data,10.25,87
"April 17, 2021 at 07:40AM",Garden_Data,10.13,100
"April 17, 2021 at 07:55AM",Garden_Data,10,128
"April 17, 2021 at 08:09AM",Garden_Data,10,125
"April 17, 2021 at 08:24AM",Garden_Data,9.94,161
"April 17, 2021 at 08:38AM",Garden_Data,9.94,128
"April 17, 2021 at 08:52AM",Garden_Data,9.94,173
"April 17, 2021 at 09:07AM",Garden_Data,9.94,210
"April 17, 2021 at 09:21AM",Garden_Data,10,201
"April 17, 2021 at 09:36AM",Garden_Data,10,207
"April 17, 2021 at 09:50AM",Garden_Data,10.13,242
"April 17, 2021 at 10:05AM",Garden_Data,10.19,246
"April 17, 2021 at 10:20AM",Garden_Data,10.31,232
"April 17, 2021 at 10:34AM",Garden_Data,10.38,281
"April 17, 2021 at 10:49AM",Garden_Data,10.5,256
"April 17, 2021 at 11:03AM",Garden_Data,10.63,292
"April 17, 2021 at 11:18AM",Garden_Data,10.75,328
"April 17, 2021 at 11:32AM",Garden_Data,11,363
"April 17, 2021 at 11:47AM",Garden_Data,11.19,333
"April 17, 2021 at 12:01PM",Garden_Data,11.5,468
"April 17, 2021 at 12:16PM",Garden_Data,11.81,376
"April 17, 2021 at 12:30PM",Garden_Data,12.13,392
"April 17, 2021 at 12:45PM",Garden_Data,12.44,398
"April 17, 2021 at 12:59PM",Garden_Data,12.81,366
"April 17, 2021 at 01:14PM",Garden_Data,13.19,536
"April 17, 2021 at 01:28PM",Garden_Data,13.56,274
"April 17, 2021 at 01:42PM",Garden_Data,13.88,303
"April 17, 2021 at 01:57PM",Garden_Data,14.13,423
"April 17, 2021 at 02:11PM",Garden_Data,14.44,442
"April 17, 2021 at 02:26PM",Garden_Data,14.94,570
"April 17, 2021 at 02:40PM",Garden_Data,15.44,280
"April 17, 2021 at 02:55PM",Garden_Data,15.69,267
"April 17, 2021 at 03:09PM",Garden_Data,15.88,221
"April 17, 2021 at 03:23PM",Garden_Data,16,228
"April 17, 2021 at 03:38PM",Garden_Data,16.13,266
"April 17, 2021 at 03:53PM",Garden_Data,16.31,322
"April 17, 2021 at 04:07PM",Garden_Data,16.44,236
"April 17, 2021 at 04:22PM",Garden_Data,16.56,218
"April 17, 2021 at 04:36PM",Garden_Data,16.69,220
"April 17, 2021 at 04:51PM",Garden_Data,16.75,261
"April 17, 2021 at 05:05PM",Garden_Data,16.81,244
"April 17, 2021 at 05:20PM",Garden_Data,16.94,232
"April 17, 2021 at 05:34PM",Garden_Data,17,236
"April 17, 2021 at 05:48PM",Garden_Data,17,209
"April 17, 2021 at 06:03PM",Garden_Data,17,201
"April 17, 2021 at 06:17PM",Garden_Data,17.06,169
"April 17, 2021 at 06:32PM",Garden_Data,17.06,157
"April 17, 2021 at 06:46PM",Garden_Data,17,104
"April 17, 2021 at 07:01PM",Garden_Data,16.94,78
"April 17, 2021 at 07:15PM",Garden_Data,16.94,77
"April 17, 2021 at 07:30PM",Garden_Data,16.88,41
"April 17, 2021 at 07:44PM",Garden_Data,16.75,22
"April 17, 2021 at 07:58PM",Garden_Data,16.69,8
"April 17, 2021 at 08:13PM",Garden_Data,16.63,0
"April 17, 2021 at 08:27PM",Garden_Data,16.56,0
"April 17, 2021 at 08:42PM",Garden_Data,16.44,0
"April 17, 2021 at 08:56PM",Garden_Data,16.31,0
"April 17, 2021 at 09:11PM",Garden_Data,16.19,0
"April 17, 2021 at 09:25PM",Garden_Data,16.13,0
"April 17, 2021 at 09:40PM",Garden_Data,16,0
"April 17, 2021 at 09:54PM",Garden_Data,15.88,0
"April 17, 2021 at 10:09PM",Garden_Data,15.75,0
"April 17, 2021 at 10:23PM",Garden_Data,15.63,0
"April 17, 2021 at 10:38PM",Garden_Data,15.56,0
"April 17, 2021 at 10:52PM",Garden_Data,15.44,0
"April 17, 2021 at 11:06PM",Garden_Data,15.31,0
"April 17, 2021 at 11:21PM",Garden_Data,15.19,0
"April 17, 2021 at 11:35PM",Garden_Data,15.13,0
"April 17, 2021 at 11:50PM",Garden_Data,15,0
"April 18, 2021 at 12:04AM",Garden_Data,14.88,0
"April 18, 2021 at 12:19AM",Garden_Data,14.81,0
"April 18, 2021 at 12:33AM",Garden_Data,14.69,0
"April 18, 2021 at 12:48AM",Garden_Data,14.63,0
"April 18, 2021 at 01:02AM",Garden_Data,14.5,0
"April 18, 2021 at 01:17AM",Garden_Data,14.38,0
"April 18, 2021 at 01:31AM",Garden_Data,14.31,0
"April 18, 2021 at 01:45AM",Garden_Data,14.25,0
"April 18, 2021 at 02:00AM",Garden_Data,14.13,0
"April 18, 2021 at 02:14AM",Garden_Data,14,0
"April 18, 2021 at 02:29AM",Garden_Data,13.94,0
"April 18, 2021 at 02:43AM",Garden_Data,13.81,0
"April 18, 2021 at 02:58AM",Garden_Data,13.75,0
"April 18, 2021 at 03:12AM",Garden_Data,13.63,0
"April 18, 2021 at 03:27AM",Garden_Data,13.56,0
"April 18, 2021 at 03:41AM",Garden_Data,13.44,0
"April 18, 2021 at 03:56AM",Garden_Data,13.38,0
"April 18, 2021 at 04:10AM",Garden_Data,13.25,0
"April 18, 2021 at 04:25AM",Garden_Data,13.19,0
"April 18, 2021 at 04:39AM",Garden_Data,13.06,0
"April 18, 2021 at 04:53AM",Garden_Data,12.94,0
"April 18, 2021 at 05:08AM",Garden_Data,12.81,0
"April 18, 2021 at 05:22AM",Garden_Data,12.75,0
"April 18, 2021 at 05:37AM",Garden_Data,12.63,0
"April 18, 2021 at 05:51AM",Garden_Data,12.5,0
"April 18, 2021 at 06:06AM",Garden_Data,12.44,0
"April 18, 2021 at 06:20AM",Garden_Data,12.31,0
"April 18, 2021 at 06:35AM",Garden_Data,12.19,5
"April 18, 2021 at 06:49AM",Garden_Data,12.06,21
"April 18, 2021 at 07:04AM",Garden_Data,12,41
"April 18, 2021 at 07:18AM",Garden_Data,11.88,66
"April 18, 2021 at 07:33AM",Garden_Data,11.75,76
"April 18, 2021 at 07:47AM",Garden_Data,11.69,79
"April 18, 2021 at 08:02AM",Garden_Data,11.56,102
"April 18, 2021 at 08:16AM",Garden_Data,11.56,133
"April 18, 2021 at 08:30AM",Garden_Data,11.5,158
"April 18, 2021 at 08:45AM",Garden_Data,11.44,118
"April 18, 2021 at 08:59AM",Garden_Data,11.44,115
"April 18, 2021 at 09:14AM",Garden_Data,11.44,151
"April 18, 2021 at 09:28AM",Garden_Data,11.44,105
"April 18, 2021 at 09:43AM",Garden_Data,11.44,134
"April 18, 2021 at 09:57AM",Garden_Data,11.5,122
"April 18, 2021 at 10:12AM",Garden_Data,11.5,284
"April 18, 2021 at 10:26AM",Garden_Data,11.5,321
"April 18, 2021 at 10:41AM",Garden_Data,11.5,514
"April 18, 2021 at 10:55AM",Garden_Data,11.56,196
"April 18, 2021 at 11:10AM",Garden_Data,11.69,306
"April 18, 2021 at 11:24AM",Garden_Data,11.75,507
"April 18, 2021 at 11:39AM",Garden_Data,12.06,525
"April 18, 2021 at 11:54AM",Garden_Data,12.5,439
"April 18, 2021 at 12:08PM",Garden_Data,12.81,516
"April 18, 2021 at 12:23PM",Garden_Data,13.19,471
"April 18, 2021 at 12:37PM",Garden_Data,13.5,456
"April 18, 2021 at 12:51PM",Garden_Data,13.88,499
"April 18, 2021 at 01:06PM",Garden_Data,14.38,481
"April 18, 2021 at 01:20PM",Garden_Data,14.88,531
"April 18, 2021 at 01:35PM",Garden_Data,15.44,406
"April 18, 2021 at 01:49PM",Garden_Data,15.81,403
"April 18, 2021 at 02:04PM",Garden_Data,16.13,448
"April 18, 2021 at 02:18PM",Garden_Data,16.44,441
"April 18, 2021 at 02:33PM",Garden_Data,17,536
"April 18, 2021 at 02:47PM",Garden_Data,17.5,553
"April 18, 2021 at 03:02PM",Garden_Data,18.19,558
"April 18, 2021 at 03:16PM",Garden_Data,18.75,556
"April 18, 2021 at 03:31PM",Garden_Data,19.25,415
"April 18, 2021 at 03:45PM",Garden_Data,19.88,535
"April 18, 2021 at 04:00PM",Garden_Data,20.63,529
"April 18, 2021 at 04:14PM",Garden_Data,21.06,205
"April 18, 2021 at 04:28PM",Garden_Data,21.31,205
"April 18, 2021 at 04:43PM",Garden_Data,21.56,230
"April 18, 2021 at 04:57PM",Garden_Data,21.69,207
"April 18, 2021 at 05:11PM",Garden_Data,21.81,149
"April 18, 2021 at 05:26PM",Garden_Data,21.88,153
"April 18, 2021 at 05:40PM",Garden_Data,21.88,154
"April 18, 2021 at 05:55PM",Garden_Data,21.81,153
"April 18, 2021 at 06:09PM",Garden_Data,21.75,118
"April 18, 2021 at 06:24PM",Garden_Data,21.63,110
"April 18, 2021 at 06:38PM",Garden_Data,21.5,100
"April 18, 2021 at 06:53PM",Garden_Data,21.31,88
"April 18, 2021 at 07:07PM",Garden_Data,21.19,76
"April 18, 2021 at 07:22PM",Garden_Data,21,57
"April 18, 2021 at 07:36PM",Garden_Data,20.81,38
"April 18, 2021 at 07:51PM",Garden_Data,20.63,18
"April 18, 2021 at 08:05PM",Garden_Data,20.38,3
"April 18, 2021 at 08:19PM",Garden_Data,20.19,0
"April 18, 2021 at 08:34PM",Garden_Data,19.94,0
"April 18, 2021 at 08:48PM",Garden_Data,19.75,0
"April 18, 2021 at 09:03PM",Garden_Data,19.44,0
"April 18, 2021 at 09:17PM",Garden_Data,19.25,0
"April 18, 2021 at 09:31PM",Garden_Data,18.94,0
"April 18, 2021 at 09:46PM",Garden_Data,18.69,0
"April 18, 2021 at 10:00PM",Garden_Data,18.44,0
"April 18, 2021 at 10:15PM",Garden_Data,18.19,0
"April 18, 2021 at 10:29PM",Garden_Data,18,0
"April 18, 2021 at 10:44PM",Garden_Data,17.75,0
"April 18, 2021 at 10:58PM",Garden_Data,17.5,0
"April 18, 2021 at 11:12PM",Garden_Data,17.25,0
"April 18, 2021 at 11:27PM",Garden_Data,17.06,0
"April 18, 2021 at 11:41PM",Garden_Data,16.81,0
"April 18, 2021 at 11:56PM",Garden_Data,16.63,0
"April 19, 2021 at 12:10AM",Garden_Data,16.38,0
"April 19, 2021 at 12:25AM",Garden_Data,16.19,0
"April 19, 2021 at 12:39AM",Garden_Data,15.94,0
"April 19, 2021 at 12:53AM",Garden_Data,15.75,0
"April 19, 2021 at 01:08AM",Garden_Data,15.5,0
"April 19, 2021 at 01:22AM",Garden_Data,15.31,0
"April 19, 2021 at 01:37AM",Garden_Data,15.13,0
"April 19, 2021 at 01:51AM",Garden_Data,15,0
"April 19, 2021 at 02:06AM",Garden_Data,14.81,0
"April 19, 2021 at 02:20AM",Garden_Data,14.69,0
"April 19, 2021 at 02:35AM",Garden_Data,14.56,0
"April 19, 2021 at 02:49AM",Garden_Data,14.44,0
"April 19, 2021 at 03:03AM",Garden_Data,14.31,0
"April 19, 2021 at 03:18AM",Garden_Data,14.13,0
"April 19, 2021 at 03:32AM",Garden_Data,14.06,0
"April 19, 2021 at 03:47AM",Garden_Data,13.88,0
"April 19, 2021 at 04:01AM",Garden_Data,13.81,0
"April 19, 2021 at 04:16AM",Garden_Data,13.69,0
"April 19, 2021 at 04:30AM",Garden_Data,13.56,0
"April 19, 2021 at 04:45AM",Garden_Data,13.5,0
"April 19, 2021 at 04:59AM",Garden_Data,13.38,0
"April 19, 2021 at 05:13AM",Garden_Data,13.25,0
"April 19, 2021 at 05:28AM",Garden_Data,13.19,0
"April 19, 2021 at 05:42AM",Garden_Data,13.06,0
"April 19, 2021 at 05:57AM",Garden_Data,12.94,0
"April 19, 2021 at 06:11AM",Garden_Data,12.81,0
"April 19, 2021 at 06:26AM",Garden_Data,12.69,1
"April 19, 2021 at 06:40AM",Garden_Data,12.56,10
"April 19, 2021 at 06:55AM",Garden_Data,12.44,45
"April 19, 2021 at 07:09AM",Garden_Data,12.31,30
"April 19, 2021 at 07:23AM",Garden_Data,12.25,52
"April 19, 2021 at 07:38AM",Garden_Data,12.13,111
"April 19, 2021 at 07:52AM",Garden_Data,12.06,104
"April 19, 2021 at 08:07AM",Garden_Data,12,116
"April 19, 2021 at 08:21AM",Garden_Data,11.94,81
"April 19, 2021 at 08:36AM",Garden_Data,11.88,78
"April 19, 2021 at 08:50AM",Garden_Data,11.81,117
"April 19, 2021 at 09:05AM",Garden_Data,11.75,165
"April 19, 2021 at 09:19AM",Garden_Data,11.75,201
"April 19, 2021 at 09:34AM",Garden_Data,11.81,186
"April 19, 2021 at 09:48AM",Garden_Data,11.81,216
"April 19, 2021 at 10:03AM",Garden_Data,11.81,115
"April 19, 2021 at 10:17AM",Garden_Data,11.88,168
"April 19, 2021 at 10:32AM",Garden_Data,11.88,171
"April 19, 2021 at 10:46AM",Garden_Data,11.94,257
"April 19, 2021 at 11:01AM",Garden_Data,12.06,242
"April 19, 2021 at 11:15AM",Garden_Data,12.13,292
"April 19, 2021 at 11:30AM",Garden_Data,12.25,337
"April 19, 2021 at 11:44AM",Garden_Data,12.44,172
"April 19, 2021 at 11:59AM",Garden_Data,12.5,177
"April 19, 2021 at 12:13PM",Garden_Data,12.5,158
"April 19, 2021 at 12:27PM",Garden_Data,12.56,266
"April 19, 2021 at 12:42PM",Garden_Data,12.75,382
"April 19, 2021 at 12:57PM",Garden_Data,13,536
"April 19, 2021 at 01:11PM",Garden_Data,13.44,526
"April 19, 2021 at 01:26PM",Garden_Data,14,541
"April 19, 2021 at 01:40PM",Garden_Data,14.75,545
"April 19, 2021 at 01:55PM",Garden_Data,15.5,543
"April 19, 2021 at 02:09PM",Garden_Data,16.25,550
"April 19, 2021 at 02:24PM",Garden_Data,16.94,567
"April 19, 2021 at 02:38PM",Garden_Data,17.69,541
"April 19, 2021 at 02:53PM",Garden_Data,18.38,557
"April 19, 2021 at 03:07PM",Garden_Data,19.06,549
"April 19, 2021 at 03:22PM",Garden_Data,19.88,537
"April 19, 2021 at 03:36PM",Garden_Data,20.75,540
"April 19, 2021 at 03:51PM",Garden_Data,21.56,553
"April 19, 2021 at 04:05PM",Garden_Data,22.25,228
"April 19, 2021 at 04:19PM",Garden_Data,22.63,201
"April 19, 2021 at 04:34PM",Garden_Data,22.88,197
"April 19, 2021 at 04:48PM",Garden_Data,23.13,182
"April 19, 2021 at 05:02PM",Garden_Data,23.19,192
"April 19, 2021 at 05:17PM",Garden_Data,23.31,225
"April 19, 2021 at 05:31PM",Garden_Data,23.25,149
"April 19, 2021 at 05:46PM",Garden_Data,23.19,173
"April 19, 2021 at 06:00PM",Garden_Data,23.06,159
"April 19, 2021 at 06:15PM",Garden_Data,22.94,144
"April 19, 2021 at 06:29PM",Garden_Data,22.75,121
"April 19, 2021 at 06:44PM",Garden_Data,22.5,113
"April 19, 2021 at 06:58PM",Garden_Data,22.31,86
"April 19, 2021 at 07:12PM",Garden_Data,22.06,75
"April 19, 2021 at 07:27PM",Garden_Data,21.81,57
"April 19, 2021 at 07:41PM",Garden_Data,21.56,36
"April 19, 2021 at 07:56PM",Garden_Data,21.31,13
"April 19, 2021 at 08:10PM",Garden_Data,21,1
"April 19, 2021 at 08:25PM",Garden_Data,20.75,0
"April 19, 2021 at 08:39PM",Garden_Data,20.44,0
"April 19, 2021 at 08:54PM",Garden_Data,20.13,0
"April 19, 2021 at 09:08PM",Garden_Data,19.81,0
"April 19, 2021 at 09:23PM",Garden_Data,19.5,0
"April 19, 2021 at 09:37PM",Garden_Data,19.25,0
"April 19, 2021 at 09:51PM",Garden_Data,18.94,0
"April 19, 2021 at 10:06PM",Garden_Data,18.63,0
"April 19, 2021 at 10:20PM",Garden_Data,18.31,0
"April 19, 2021 at 10:35PM",Garden_Data,18,0
"April 19, 2021 at 10:49PM",Garden_Data,17.75,0
"April 19, 2021 at 11:04PM",Garden_Data,17.44,0
"April 19, 2021 at 11:18PM",Garden_Data,17.13,0
"April 19, 2021 at 11:33PM",Garden_Data,16.88,0
"April 19, 2021 at 11:47PM",Garden_Data,16.56,0
"April 20, 2021 at 12:02AM",Garden_Data,16.31,0
"April 20, 2021 at 12:16AM",Garden_Data,16,0
"April 20, 2021 at 12:31AM",Garden_Data,15.75,0
"April 20, 2021 at 12:45AM",Garden_Data,15.5,0
"April 20, 2021 at 12:59AM",Garden_Data,15.25,0
"April 20, 2021 at 01:14AM",Garden_Data,15,0
"April 20, 2021 at 01:28AM",Garden_Data,14.75,0
"April 20, 2021 at 01:43AM",Garden_Data,14.5,0
"April 20, 2021 at 01:57AM",Garden_Data,14.31,0
"April 20, 2021 at 02:12AM",Garden_Data,14.06,0
"April 20, 2021 at 02:26AM",Garden_Data,13.81,0
"April 20, 2021 at 02:40AM",Garden_Data,13.63,0
"April 20, 2021 at 02:55AM",Garden_Data,13.44,0
"April 20, 2021 at 03:09AM",Garden_Data,13.19,0
"April 20, 2021 at 03:24AM",Garden_Data,13,0
"April 20, 2021 at 03:38AM",Garden_Data,12.81,0
"April 20, 2021 at 03:53AM",Garden_Data,12.63,0
"April 20, 2021 at 04:07AM",Garden_Data,12.44,0
"April 20, 2021 at 04:22AM",Garden_Data,12.19,0
"April 20, 2021 at 04:36AM",Garden_Data,12,0
"April 20, 2021 at 04:51AM",Garden_Data,11.81,0
"April 20, 2021 at 05:05AM",Garden_Data,11.63,0
"April 20, 2021 at 05:20AM",Garden_Data,11.5,0
"April 20, 2021 at 05:34AM",Garden_Data,11.31,0
"April 20, 2021 at 05:49AM",Garden_Data,11.13,0
"April 20, 2021 at 06:03AM",Garden_Data,10.94,0
"April 20, 2021 at 06:18AM",Garden_Data,10.75,0
"April 20, 2021 at 06:32AM",Garden_Data,10.63,4
"April 20, 2021 at 06:46AM",Garden_Data,10.5,21
"April 20, 2021 at 07:01AM",Garden_Data,10.38,51
"April 20, 2021 at 07:15AM",Garden_Data,10.25,66
"April 20, 2021 at 07:30AM",Garden_Data,10.13,66
"April 20, 2021 at 07:44AM",Garden_Data,10.06,102
"April 20, 2021 at 07:59AM",Garden_Data,10,94
"April 20, 2021 at 08:13AM",Garden_Data,9.94,76
"April 20, 2021 at 08:28AM",Garden_Data,9.94,85
"April 20, 2021 at 08:42AM",Garden_Data,9.94,94
"April 20, 2021 at 08:57AM",Garden_Data,10,103
"April 20, 2021 at 09:11AM",Garden_Data,10.06,123
"April 20, 2021 at 09:26AM",Garden_Data,10.13,135
"April 20, 2021 at 09:40AM",Garden_Data,10.25,163
"April 20, 2021 at 09:55AM",Garden_Data,10.38,123
"April 20, 2021 at 10:09AM",Garden_Data,10.44,161
"April 20, 2021 at 10:23AM",Garden_Data,10.56,290
"April 20, 2021 at 10:38AM",Garden_Data,10.75,329
"April 20, 2021 at 10:52AM",Garden_Data,10.88,195
"April 20, 2021 at 11:07AM",Garden_Data,11.06,310
"April 20, 2021 at 11:22AM",Garden_Data,11.31,476
"April 20, 2021 at 11:36AM",Garden_Data,11.63,488
"April 20, 2021 at 11:51AM",Garden_Data,12.06,509
"April 20, 2021 at 12:05PM",Garden_Data,12.5,513
"April 20, 2021 at 12:20PM",Garden_Data,13,509
"April 20, 2021 at 12:34PM",Garden_Data,13.63,522
"April 20, 2021 at 12:49PM",Garden_Data,16.69,480
"April 20, 2021 at 12:49PM",Garden_Data,16.69,398
"April 20, 2021 at 01:03PM",Garden_Data,18.44,554
"April 20, 2021 at 01:18PM",Garden_Data,19.31,521
"April 20, 2021 at 01:32PM",Garden_Data,19.63,537
"April 20, 2021 at 02:02PM",Garden_Data,20.13,536
"April 20, 2021 at 02:16PM",Garden_Data,20.75,392
"April 20, 2021 at 02:30PM",Garden_Data,19.81,355
"April 20, 2021 at 02:45PM",Garden_Data,20.25,480
"April 20, 2021 at 03:13PM",Garden_Data,20.75,334
"April 20, 2021 at 03:27PM",Garden_Data,19.69,375
"April 20, 2021 at 03:42PM",Garden_Data,20.56,543
"April 20, 2021 at 03:56PM",Garden_Data,19.94,543
"April 20, 2021 at 04:11PM",Garden_Data,20.56,490
"April 20, 2021 at 04:25PM",Garden_Data,20.31,440
"April 20, 2021 at 04:40PM",Garden_Data,20.06,282
"April 20, 2021 at 04:54PM",Garden_Data,20.06,482
"April 20, 2021 at 05:08PM",Garden_Data,19.88,315
"April 20, 2021 at 05:23PM",Garden_Data,19.69,468
"April 20, 2021 at 05:37PM",Garden_Data,19.31,262
"April 20, 2021 at 05:52PM",Garden_Data,18.94,216
"April 20, 2021 at 06:06PM",Garden_Data,18.56,206
"April 20, 2021 at 06:20PM",Garden_Data,18.38,189
"April 20, 2021 at 06:34PM",Garden_Data,18.13,176
"April 20, 2021 at 07:04PM",Garden_Data,17.75,158
"April 20, 2021 at 07:18PM",Garden_Data,17.63,144
"April 20, 2021 at 07:32PM",Garden_Data,17.44,75
"April 20, 2021 at 08:01PM",Garden_Data,17.06,13
"April 20, 2021 at 08:16PM",Garden_Data,16.88,0
"April 20, 2021 at 08:30PM",Garden_Data,16.75,0
"April 20, 2021 at 08:44PM",Garden_Data,16.63,0
"April 20, 2021 at 08:59PM",Garden_Data,16.5,0
"April 20, 2021 at 09:13PM",Garden_Data,16.38,0
"April 20, 2021 at 09:27PM",Garden_Data,16.31,0
"April 20, 2021 at 09:42PM",Garden_Data,16.19,0
"April 20, 2021 at 09:56PM",Garden_Data,16.13,0
"April 20, 2021 at 10:11PM",Garden_Data,16.06,0
"April 20, 2021 at 10:25PM",Garden_Data,16,0
"April 20, 2021 at 10:39PM",Garden_Data,15.88,0
"April 20, 2021 at 10:54PM",Garden_Data,15.81,0
"April 20, 2021 at 11:23PM",Garden_Data,15.69,0
"April 20, 2021 at 11:37PM",Garden_Data,15.63,0
"April 20, 2021 at 11:51PM",Garden_Data,15.56,0
"April 21, 2021 at 12:06AM",Garden_Data,15.56,0
"April 21, 2021 at 12:20AM",Garden_Data,15.5,0
"April 21, 2021 at 12:35AM",Garden_Data,15.44,0
"April 21, 2021 at 12:49AM",Garden_Data,15.38,0
"April 21, 2021 at 01:03AM",Garden_Data,15.31,0
"April 21, 2021 at 01:18AM",Garden_Data,15.25,0
"April 21, 2021 at 01:32AM",Garden_Data,15.25,0
"April 21, 2021 at 01:46AM",Garden_Data,15.19,0
"April 21, 2021 at 02:01AM",Garden_Data,15.13,0
"April 21, 2021 at 02:15AM",Garden_Data,15.06,0
"April 21, 2021 at 02:30AM",Garden_Data,15,0
"April 21, 2021 at 02:44AM",Garden_Data,15,0
"April 21, 2021 at 02:58AM",Garden_Data,14.94,0
"April 21, 2021 at 03:13AM",Garden_Data,14.88,0
"April 21, 2021 at 03:27AM",Garden_Data,14.88,0
"April 21, 2021 at 03:41AM",Garden_Data,14.81,0
"April 21, 2021 at 03:56AM",Garden_Data,14.75,0
"April 21, 2021 at 04:10AM",Garden_Data,14.75,0
"April 21, 2021 at 04:24AM",Garden_Data,14.69,0
"April 21, 2021 at 04:39AM",Garden_Data,14.63,0
"April 21, 2021 at 04:53AM",Garden_Data,14.63,0
"April 21, 2021 at 05:07AM",Garden_Data,14.56,0
"April 21, 2021 at 05:22AM",Garden_Data,14.5,0
"April 21, 2021 at 05:36AM",Garden_Data,14.44,0
"April 21, 2021 at 05:51AM",Garden_Data,14.38,0
"April 21, 2021 at 06:05AM",Garden_Data,14.38,0
"April 21, 2021 at 06:20AM",Garden_Data,14.38,0
"April 21, 2021 at 06:34AM",Garden_Data,14.31,10
"April 21, 2021 at 06:49AM",Garden_Data,14.31,36
"April 21, 2021 at 07:03AM",Garden_Data,14.25,56
"April 21, 2021 at 07:17AM",Garden_Data,14.25,75
"April 21, 2021 at 07:32AM",Garden_Data,14.31,86
"April 21, 2021 at 07:46AM",Garden_Data,14.31,94
"April 21, 2021 at 08:00AM",Garden_Data,14.38,104
"April 21, 2021 at 08:15AM",Garden_Data,14.44,109
"April 21, 2021 at 08:29AM",Garden_Data,14.44,115
"April 21, 2021 at 08:44AM",Garden_Data,14.5,122
"April 21, 2021 at 08:58AM",Garden_Data,14.56,133
"April 21, 2021 at 09:12AM",Garden_Data,14.56,141
"April 21, 2021 at 09:27AM",Garden_Data,14.63,148
"April 21, 2021 at 09:41AM",Garden_Data,14.69,157
"April 21, 2021 at 09:56AM",Garden_Data,14.75,154
"April 21, 2021 at 10:10AM",Garden_Data,14.81,162
"April 21, 2021 at 10:25AM",Garden_Data,14.88,170
"April 21, 2021 at 10:39AM",Garden_Data,14.88,176
"April 21, 2021 at 10:53AM",Garden_Data,14.94,181
"April 21, 2021 at 11:08AM",Garden_Data,15.06,245
"April 21, 2021 at 11:22AM",Garden_Data,15.5,240
"April 21, 2021 at 11:37AM",Garden_Data,15.44,243
"April 21, 2021 at 12:05PM",Garden_Data,15.44,268
"April 21, 2021 at 12:20PM",Garden_Data,15.69,313
"April 21, 2021 at 12:34PM",Garden_Data,15.75,375
"April 21, 2021 at 12:48PM",Garden_Data,15.81,309
"April 21, 2021 at 01:03PM",Garden_Data,17.81,542
"April 21, 2021 at 01:18PM",Garden_Data,18.69,528
"April 21, 2021 at 01:32PM",Garden_Data,19,334
"April 21, 2021 at 01:46PM",Garden_Data,18.88,532
"April 21, 2021 at 02:01PM",Garden_Data,20,524
"April 21, 2021 at 02:15PM",Garden_Data,20.06,541
"April 21, 2021 at 02:29PM",Garden_Data,18.56,492
"April 21, 2021 at 02:44PM",Garden_Data,20,505
"April 21, 2021 at 02:58PM",Garden_Data,20.25,554
"April 21, 2021 at 03:13PM",Garden_Data,20.13,394
"April 21, 2021 at 03:27PM",Garden_Data,20.13,554
"April 21, 2021 at 03:41PM",Garden_Data,20,406
"April 21, 2021 at 03:56PM",Garden_Data,19.56,341
"April 21, 2021 at 04:10PM",Garden_Data,19.94,534
"April 21, 2021 at 04:24PM",Garden_Data,19.88,521
"April 21, 2021 at 04:39PM",Garden_Data,18.75,528
"April 21, 2021 at 04:53PM",Garden_Data,18.94,517
"April 21, 2021 at 05:07PM",Garden_Data,18.81,499
"April 21, 2021 at 05:22PM",Garden_Data,18.69,485
"April 21, 2021 at 05:36PM",Garden_Data,18.44,181
"April 21, 2021 at 05:50PM",Garden_Data,18.13,217
"April 21, 2021 at 06:18PM",Garden_Data,17.19,144
"April 21, 2021 at 06:33PM",Garden_Data,16.94,151
"April 21, 2021 at 06:47PM",Garden_Data,16.69,123
"April 21, 2021 at 07:01PM",Garden_Data,16.38,105
"April 21, 2021 at 07:16PM",Garden_Data,16.19,92
"April 21, 2021 at 07:30PM",Garden_Data,15.94,75
"April 21, 2021 at 07:44PM",Garden_Data,15.75,50
"April 21, 2021 at 07:59PM",Garden_Data,15.5,20
"April 21, 2021 at 08:13PM",Garden_Data,15.38,2
"April 21, 2021 at 08:28PM",Garden_Data,15.19,0
"April 21, 2021 at 08:42PM",Garden_Data,15,0
"April 21, 2021 at 08:56PM",Garden_Data,14.88,0
"April 21, 2021 at 09:11PM",Garden_Data,14.69,0
"April 21, 2021 at 09:25PM",Garden_Data,14.56,0
"April 21, 2021 at 09:41PM",Garden_Data,14.44,0
"April 21, 2021 at 09:55PM",Garden_Data,14.31,0
"April 21, 2021 at 10:09PM",Garden_Data,14.19,0
"April 21, 2021 at 10:24PM",Garden_Data,14,0
"April 21, 2021 at 10:38PM",Garden_Data,14,0
"April 21, 2021 at 10:52PM",Garden_Data,13.88,0
"April 21, 2021 at 11:06PM",Garden_Data,13.81,0
"April 21, 2021 at 11:21PM",Garden_Data,13.75,0
"April 21, 2021 at 11:35PM",Garden_Data,13.63,0
"April 21, 2021 at 11:50PM",Garden_Data,13.5,0
"April 22, 2021 at 12:04AM",Garden_Data,13.44,0
"April 22, 2021 at 12:33AM",Garden_Data,13.19,0
"April 22, 2021 at 12:47AM",Garden_Data,13.13,0
"April 22, 2021 at 01:01AM",Garden_Data,13,0
"April 22, 2021 at 01:16AM",Garden_Data,12.94,0
"April 22, 2021 at 01:30AM",Garden_Data,12.88,0
"April 22, 2021 at 01:45AM",Garden_Data,12.88,0
"April 22, 2021 at 01:59AM",Garden_Data,12.75,0
"April 22, 2021 at 02:13AM",Garden_Data,12.69,0
"April 22, 2021 at 02:28AM",Garden_Data,12.63,0
"April 22, 2021 at 02:42AM",Garden_Data,12.56,0
"April 22, 2021 at 02:57AM",Garden_Data,12.5,0
"April 22, 2021 at 03:11AM",Garden_Data,12.5,0
"April 22, 2021 at 03:26AM",Garden_Data,12.38,0
"April 22, 2021 at 03:40AM",Garden_Data,12.31,0
"April 22, 2021 at 04:09AM",Garden_Data,12.19,0
"April 22, 2021 at 04:23AM",Garden_Data,12.19,0
"April 22, 2021 at 04:38AM",Garden_Data,12.06,0
"April 22, 2021 at 04:52AM",Garden_Data,12,0
"April 22, 2021 at 05:06AM",Garden_Data,11.94,0
"April 22, 2021 at 05:21AM",Garden_Data,11.88,0
"April 22, 2021 at 05:35AM",Garden_Data,11.81,0
"April 22, 2021 at 05:50AM",Garden_Data,11.81,0
"April 22, 2021 at 06:04AM",Garden_Data,11.81,0
"April 22, 2021 at 06:19AM",Garden_Data,11.75,1
"April 22, 2021 at 06:33AM",Garden_Data,11.69,13
"April 22, 2021 at 06:48AM",Garden_Data,11.56,38
"April 22, 2021 at 07:02AM",Garden_Data,11.56,60
"April 22, 2021 at 07:16AM",Garden_Data,11.56,78
"April 22, 2021 at 07:31AM",Garden_Data,11.5,104
"April 22, 2021 at 07:45AM",Garden_Data,11.63,136
"April 22, 2021 at 08:00AM",Garden_Data,11.63,161
"April 22, 2021 at 08:14AM",Garden_Data,11.63,138
"April 22, 2021 at 08:28AM",Garden_Data,11.56,150
"April 22, 2021 at 08:43AM",Garden_Data,11.63,136
"April 22, 2021 at 08:57AM",Garden_Data,11.63,159
"April 22, 2021 at 09:11AM",Garden_Data,11.75,226
"April 22, 2021 at 09:26AM",Garden_Data,11.94,255
"April 22, 2021 at 09:40AM",Garden_Data,11.94,196
"April 22, 2021 at 09:55AM",Garden_Data,11.94,153
"April 22, 2021 at 10:09AM",Garden_Data,11.88,153
"April 22, 2021 at 10:24AM",Garden_Data,11.88,158
"April 22, 2021 at 10:38AM",Garden_Data,11.88,171
"April 22, 2021 at 10:52AM",Garden_Data,11.81,171
"April 22, 2021 at 11:07AM",Garden_Data,11.88,189
"April 22, 2021 at 11:21AM",Garden_Data,12.06,192
"April 22, 2021 at 11:36AM",Garden_Data,12.06,223
"April 22, 2021 at 11:50AM",Garden_Data,12.19,266
"April 22, 2021 at 12:05PM",Garden_Data,12.06,268
"April 22, 2021 at 12:19PM",Garden_Data,12.19,291
"April 22, 2021 at 12:34PM",Garden_Data,12.56,428
"April 22, 2021 at 12:48PM",Garden_Data,13.19,372
"April 22, 2021 at 01:03PM",Garden_Data,14.06,557
"April 22, 2021 at 01:17PM",Garden_Data,15.25,368
"April 22, 2021 at 01:32PM",Garden_Data,15.63,469
"April 22, 2021 at 01:46PM",Garden_Data,16.44,571
"April 22, 2021 at 02:01PM",Garden_Data,17,592
"April 22, 2021 at 02:15PM",Garden_Data,16.19,308
"April 22, 2021 at 02:29PM",Garden_Data,16.13,559
"April 22, 2021 at 02:44PM",Garden_Data,16,486
"April 22, 2021 at 02:58PM",Garden_Data,16.56,586
"April 22, 2021 at 03:13PM",Garden_Data,16.44,403
"April 22, 2021 at 03:27PM",Garden_Data,17.44,589
"April 22, 2021 at 03:42PM",Garden_Data,16.69,339
"April 22, 2021 at 03:56PM",Garden_Data,17.5,577
"April 22, 2021 at 04:11PM",Garden_Data,17.56,570
"April 22, 2021 at 04:25PM",Garden_Data,17.63,561
"April 22, 2021 at 04:40PM",Garden_Data,16.94,562
"April 22, 2021 at 04:54PM",Garden_Data,17.38,543
"April 22, 2021 at 05:09PM",Garden_Data,16.81,282
"April 22, 2021 at 05:23PM",Garden_Data,16.75,523
"April 22, 2021 at 05:38PM",Garden_Data,16.69,514
"April 22, 2021 at 05:52PM",Garden_Data,16.25,235
"April 22, 2021 at 06:06PM",Garden_Data,15.88,246
"April 22, 2021 at 06:21PM",Garden_Data,15.69,230
"April 22, 2021 at 06:29PM",Garden_Data,15.5,182
"April 22, 2021 at 06:43PM",Garden_Data,15.38,149
"April 22, 2021 at 06:57PM",Garden_Data,15.06,128
"April 22, 2021 at 07:12PM",Garden_Data,14.81,110
"April 22, 2021 at 07:26PM",Garden_Data,14.69,89
"April 22, 2021 at 07:40PM",Garden_Data,14.56,65
"April 22, 2021 at 07:55PM",Garden_Data,14.31,31
"April 22, 2021 at 08:09PM",Garden_Data,14.06,7
"April 22, 2021 at 08:24PM",Garden_Data,13.88,0
"April 22, 2021 at 08:38PM",Garden_Data,13.75,0
"April 22, 2021 at 08:52PM",Garden_Data,13.56,0
"April 22, 2021 at 09:07PM",Garden_Data,13.44,0
"April 22, 2021 at 09:21PM",Garden_Data,13.31,0
"April 22, 2021 at 09:36PM",Garden_Data,13.19,0
"April 22, 2021 at 09:50PM",Garden_Data,13.13,0
"April 22, 2021 at 10:04PM",Garden_Data,12.94,0
"April 22, 2021 at 10:19PM",Garden_Data,12.88,0
"April 22, 2021 at 10:33PM",Garden_Data,12.81,0
"April 22, 2021 at 10:47PM",Garden_Data,12.69,0
"April 22, 2021 at 11:02PM",Garden_Data,12.63,0
"April 22, 2021 at 11:16PM",Garden_Data,12.56,0
"April 22, 2021 at 11:31PM",Garden_Data,12.44,0
"April 22, 2021 at 11:45PM",Garden_Data,12.31,0
"April 22, 2021 at 11:59PM",Garden_Data,12.25,0
"April 23, 2021 at 12:14AM",Garden_Data,12.19,0
"April 23, 2021 at 12:28AM",Garden_Data,12.13,0
"April 23, 2021 at 12:43AM",Garden_Data,12.06,0
"April 23, 2021 at 12:57AM",Garden_Data,12.06,0
"April 23, 2021 at 01:11AM",Garden_Data,11.94,0
"April 23, 2021 at 01:26AM",Garden_Data,11.88,0
"April 23, 2021 at 01:40AM",Garden_Data,11.75,0
"April 23, 2021 at 01:55AM",Garden_Data,11.75,0
"April 23, 2021 at 02:09AM",Garden_Data,11.69,0
"April 23, 2021 at 02:23AM",Garden_Data,11.56,0
"April 23, 2021 at 02:38AM",Garden_Data,11.56,0
"April 23, 2021 at 02:52AM",Garden_Data,11.5,0
"April 23, 2021 at 03:07AM",Garden_Data,11.44,0
"April 23, 2021 at 03:21AM",Garden_Data,11.44,0
"April 23, 2021 at 03:36AM",Garden_Data,11.38,0
"April 23, 2021 at 03:50AM",Garden_Data,11.38,0
"April 23, 2021 at 04:04AM",Garden_Data,11.19,0
"April 23, 2021 at 04:19AM",Garden_Data,11.13,0
"April 23, 2021 at 04:33AM",Garden_Data,11.13,0
"April 23, 2021 at 04:48AM",Garden_Data,11.13,0
"April 23, 2021 at 05:02AM",Garden_Data,11.06,0
"April 23, 2021 at 05:16AM",Garden_Data,11,0
"April 23, 2021 at 05:31AM",Garden_Data,11,0
"April 23, 2021 at 05:45AM",Garden_Data,10.94,0
"April 23, 2021 at 06:00AM",Garden_Data,10.88,0
"April 23, 2021 at 06:14AM",Garden_Data,10.81,0
"April 23, 2021 at 06:29AM",Garden_Data,10.75,8
"April 23, 2021 at 06:43AM",Garden_Data,10.75,30
"April 23, 2021 at 06:57AM",Garden_Data,10.69,52
"April 23, 2021 at 07:12AM",Garden_Data,10.69,68
"April 23, 2021 at 07:26AM",Garden_Data,10.75,78
"April 23, 2021 at 07:41AM",Garden_Data,10.69,87
"April 23, 2021 at 07:55AM",Garden_Data,10.69,93
"April 23, 2021 at 08:09AM",Garden_Data,10.81,102
"April 23, 2021 at 08:38AM",Garden_Data,10.94,114
"April 23, 2021 at 08:52AM",Garden_Data,11.06,132
"April 23, 2021 at 09:07AM",Garden_Data,11.25,214
"April 23, 2021 at 09:22AM",Garden_Data,11.38,206
"April 23, 2021 at 09:36AM",Garden_Data,11.56,246
"April 23, 2021 at 09:50AM",Garden_Data,11.75,286
"April 23, 2021 at 10:05AM",Garden_Data,12,302
"April 23, 2021 at 10:19AM",Garden_Data,12.13,277
"April 23, 2021 at 10:34AM",Garden_Data,12.25,315
"April 23, 2021 at 10:48AM",Garden_Data,12.44,331
"April 23, 2021 at 11:03AM",Garden_Data,12.69,348
"April 23, 2021 at 11:17AM",Garden_Data,12.81,367
"April 23, 2021 at 11:31AM",Garden_Data,13,384
"April 23, 2021 at 11:46AM",Garden_Data,13.19,388
"April 23, 2021 at 12:00PM",Garden_Data,13.38,399
"April 23, 2021 at 12:15PM",Garden_Data,13.56,400
"April 23, 2021 at 12:29PM",Garden_Data,13.81,384
"April 23, 2021 at 12:44PM",Garden_Data,14.44,516
"April 23, 2021 at 12:58PM",Garden_Data,14.69,518
"April 23, 2021 at 01:13PM",Garden_Data,15.69,536
"April 23, 2021 at 01:27PM",Garden_Data,16.75,525
"April 23, 2021 at 01:42PM",Garden_Data,17.19,542
"April 23, 2021 at 01:56PM",Garden_Data,16.56,440
"April 23, 2021 at 02:11PM",Garden_Data,16.38,390
"April 23, 2021 at 02:25PM",Garden_Data,16,375
"April 23, 2021 at 02:40PM",Garden_Data,15.56,362
"April 23, 2021 at 02:54PM",Garden_Data,15.25,329
"April 23, 2021 at 03:08PM",Garden_Data,15.25,405
"April 23, 2021 at 03:23PM",Garden_Data,15.63,402
"April 23, 2021 at 03:37PM",Garden_Data,15.31,332
"April 23, 2021 at 03:52PM",Garden_Data,15.38,435
"April 23, 2021 at 04:06PM",Garden_Data,15.63,408
"April 23, 2021 at 04:21PM",Garden_Data,16,496
"April 23, 2021 at 04:35PM",Garden_Data,16,379
"April 23, 2021 at 04:49PM",Garden_Data,15.81,367
"April 23, 2021 at 05:04PM",Garden_Data,15.63,319
"April 23, 2021 at 05:18PM",Garden_Data,15.56,358
"April 23, 2021 at 05:33PM",Garden_Data,15.38,296
"April 23, 2021 at 05:47PM",Garden_Data,15.31,285
"April 23, 2021 at 06:02PM",Garden_Data,15.25,271
"April 23, 2021 at 06:16PM",Garden_Data,15.19,242
"April 23, 2021 at 06:31PM",Garden_Data,15.06,210
"April 23, 2021 at 06:45PM",Garden_Data,14.94,218
"April 23, 2021 at 06:59PM",Garden_Data,14.81,162
"April 23, 2021 at 07:14PM",Garden_Data,14.69,136
"April 23, 2021 at 07:28PM",Garden_Data,14.5,94
"April 23, 2021 at 07:43PM",Garden_Data,14.44,67
"April 23, 2021 at 07:57PM",Garden_Data,14.25,28
"April 23, 2021 at 08:11PM",Garden_Data,14.13,4
"April 23, 2021 at 08:26PM",Garden_Data,14,0
"April 23, 2021 at 08:40PM",Garden_Data,13.88,0
"April 23, 2021 at 08:55PM",Garden_Data,13.75,0
"April 23, 2021 at 09:09PM",Garden_Data,13.63,0
"April 23, 2021 at 09:23PM",Garden_Data,13.56,0
"April 23, 2021 at 09:38PM",Garden_Data,13.44,0
"April 23, 2021 at 09:52PM",Garden_Data,13.31,0
"April 23, 2021 at 10:06PM",Garden_Data,13.25,0
"April 23, 2021 at 10:21PM",Garden_Data,13.19,0
"April 23, 2021 at 10:35PM",Garden_Data,13.06,0
"April 23, 2021 at 10:49PM",Garden_Data,13,0
"April 23, 2021 at 11:04PM",Garden_Data,12.94,0
"April 23, 2021 at 11:18PM",Garden_Data,12.88,0
"April 23, 2021 at 11:33PM",Garden_Data,12.81,0
"April 23, 2021 at 11:47PM",Garden_Data,12.75,0
"April 24, 2021 at 12:02AM",Garden_Data,12.75,0
"April 24, 2021 at 12:16AM",Garden_Data,12.63,0
"April 24, 2021 at 12:30AM",Garden_Data,12.63,0
"April 24, 2021 at 12:45AM",Garden_Data,12.56,0
"April 24, 2021 at 12:59AM",Garden_Data,12.56,0
"April 24, 2021 at 01:14AM",Garden_Data,12.5,0
"April 24, 2021 at 01:28AM",Garden_Data,12.44,0
"April 24, 2021 at 01:43AM",Garden_Data,12.44,0
"April 24, 2021 at 01:57AM",Garden_Data,12.38,0
"April 24, 2021 at 02:12AM",Garden_Data,12.38,0
"April 24, 2021 at 02:26AM",Garden_Data,12.38,0
"April 24, 2021 at 02:40AM",Garden_Data,12.31,0
"April 24, 2021 at 02:55AM",Garden_Data,12.25,0
"April 24, 2021 at 03:09AM",Garden_Data,12.19,0
"April 24, 2021 at 03:24AM",Garden_Data,12.19,0
"April 24, 2021 at 03:38AM",Garden_Data,12.25,0
"April 24, 2021 at 03:53AM",Garden_Data,12.31,0
"April 24, 2021 at 04:07AM",Garden_Data,12.25,0
"April 24, 2021 at 04:21AM",Garden_Data,12.31,0
"April 24, 2021 at 04:36AM",Garden_Data,12.31,0
"April 24, 2021 at 04:50AM",Garden_Data,12.38,0
"April 24, 2021 at 05:05AM",Garden_Data,12.38,0
"April 24, 2021 at 05:19AM",Garden_Data,12.38,0
"April 24, 2021 at 05:34AM",Garden_Data,12.44,0
"April 24, 2021 at 05:48AM",Garden_Data,12.44,0
"April 24, 2021 at 06:03AM",Garden_Data,12.44,0
"April 24, 2021 at 06:17AM",Garden_Data,12.44,0
"April 24, 2021 at 06:32AM",Garden_Data,12.38,7
"April 24, 2021 at 06:46AM",Garden_Data,12.38,22
"April 24, 2021 at 07:00AM",Garden_Data,12.38,46
"April 24, 2021 at 07:15AM",Garden_Data,12.44,66
"April 24, 2021 at 07:29AM",Garden_Data,12.44,89
"April 24, 2021 at 07:44AM",Garden_Data,12.44,113
"April 24, 2021 at 07:58AM",Garden_Data,12.5,134
"April 24, 2021 at 08:13AM",Garden_Data,12.56,168
"April 24, 2021 at 08:27AM",Garden_Data,12.63,182
"April 24, 2021 at 08:41AM",Garden_Data,12.69,197
"April 24, 2021 at 08:56AM",Garden_Data,12.81,217
"April 24, 2021 at 09:10AM",Garden_Data,12.94,233
"April 24, 2021 at 09:25AM",Garden_Data,13.06,247
"April 24, 2021 at 09:39AM",Garden_Data,13.19,270
"April 24, 2021 at 09:54AM",Garden_Data,13.31,264
"April 24, 2021 at 10:08AM",Garden_Data,13.38,190
"April 24, 2021 at 10:23AM",Garden_Data,13.38,166
"April 24, 2021 at 10:37AM",Garden_Data,13.38,209
"April 24, 2021 at 10:52AM",Garden_Data,13.44,218
"April 24, 2021 at 11:06AM",Garden_Data,13.38,195
"April 24, 2021 at 11:20AM",Garden_Data,13.38,204
"April 24, 2021 at 11:35AM",Garden_Data,13.38,187
"April 24, 2021 at 11:49AM",Garden_Data,13.38,199
"April 24, 2021 at 12:04PM",Garden_Data,13.38,187
"April 24, 2021 at 12:18PM",Garden_Data,13.44,192
"April 24, 2021 at 12:33PM",Garden_Data,13.5,175
"April 24, 2021 at 12:47PM",Garden_Data,13.5,144
"April 24, 2021 at 01:01PM",Garden_Data,13.5,127
"April 24, 2021 at 01:16PM",Garden_Data,13.44,117
"April 24, 2021 at 01:30PM",Garden_Data,13.44,114
"April 24, 2021 at 01:45PM",Garden_Data,13.44,134
"April 24, 2021 at 01:59PM",Garden_Data,13.5,197
"April 24, 2021 at 02:14PM",Garden_Data,13.69,243
"April 24, 2021 at 02:28PM",Garden_Data,13.75,153
"April 24, 2021 at 02:43PM",Garden_Data,13.81,244
"April 24, 2021 at 02:57PM",Garden_Data,13.94,161
"April 24, 2021 at 03:12PM",Garden_Data,13.88,118
"April 24, 2021 at 03:26PM",Garden_Data,13.81,111
"April 24, 2021 at 03:40PM",Garden_Data,13.81,106
"April 24, 2021 at 03:55PM",Garden_Data,13.81,124
"April 24, 2021 at 04:09PM",Garden_Data,13.75,148
"April 24, 2021 at 04:24PM",Garden_Data,13.75,168
"April 24, 2021 at 04:38PM",Garden_Data,13.81,90
"April 24, 2021 at 04:53PM",Garden_Data,13.75,60
"April 24, 2021 at 05:07PM",Garden_Data,13.75,60
"April 24, 2021 at 05:21PM",Garden_Data,13.75,55
"April 24, 2021 at 05:36PM",Garden_Data,13.69,56
"April 24, 2021 at 05:50PM",Garden_Data,13.69,42
"April 24, 2021 at 06:05PM",Garden_Data,13.69,62
"April 24, 2021 at 06:19PM",Garden_Data,13.69,62
"April 24, 2021 at 06:34PM",Garden_Data,13.69,50
"April 24, 2021 at 06:48PM",Garden_Data,13.69,30
"April 24, 2021 at 07:02PM",Garden_Data,13.69,27
"April 24, 2021 at 07:17PM",Garden_Data,13.69,36
"April 24, 2021 at 07:31PM",Garden_Data,13.69,29
"April 24, 2021 at 07:46PM",Garden_Data,13.69,13
"April 24, 2021 at 08:00PM",Garden_Data,13.69,4
"April 24, 2021 at 08:14PM",Garden_Data,13.75,0
"April 24, 2021 at 08:29PM",Garden_Data,13.75,0
"April 24, 2021 at 08:43PM",Garden_Data,13.75,0
"April 24, 2021 at 08:58PM",Garden_Data,13.75,0
"April 24, 2021 at 09:12PM",Garden_Data,13.75,0
"April 24, 2021 at 09:27PM",Garden_Data,13.75,0
"April 24, 2021 at 09:41PM",Garden_Data,13.75,0
"April 24, 2021 at 09:55PM",Garden_Data,13.75,0
"April 24, 2021 at 10:10PM",Garden_Data,13.75,0
"April 24, 2021 at 10:24PM",Garden_Data,13.75,0
"April 24, 2021 at 10:39PM",Garden_Data,13.75,0
"April 24, 2021 at 10:53PM",Garden_Data,13.69,0
"April 24, 2021 at 11:08PM",Garden_Data,13.69,0
"April 24, 2021 at 11:22PM",Garden_Data,13.69,0
"April 24, 2021 at 11:37PM",Garden_Data,13.69,0
"April 24, 2021 at 11:51PM",Garden_Data,13.63,0
"April 25, 2021 at 12:05AM",Garden_Data,13.63,0
"April 25, 2021 at 12:20AM",Garden_Data,13.63,0
"April 25, 2021 at 12:34AM",Garden_Data,13.56,0
"April 25, 2021 at 12:49AM",Garden_Data,13.56,0
"April 25, 2021 at 01:03AM",Garden_Data,13.56,0
"April 25, 2021 at 01:18AM",Garden_Data,13.56,0
"April 25, 2021 at 01:32AM",Garden_Data,13.5,0
"April 25, 2021 at 01:47AM",Garden_Data,13.5,0
"April 25, 2021 at 02:01AM",Garden_Data,13.5,0
"April 25, 2021 at 02:15AM",Garden_Data,13.44,0
"April 25, 2021 at 02:30AM",Garden_Data,13.5,0
"April 25, 2021 at 02:44AM",Garden_Data,13.44,0
"April 25, 2021 at 02:59AM",Garden_Data,13.38,0
"April 25, 2021 at 03:13AM",Garden_Data,13.38,0
"April 25, 2021 at 03:28AM",Garden_Data,13.31,0
"April 25, 2021 at 03:42AM",Garden_Data,13.31,0
"April 25, 2021 at 03:57AM",Garden_Data,13.25,0
"April 25, 2021 at 04:11AM",Garden_Data,13.25,0
"April 25, 2021 at 04:26AM",Garden_Data,13.25,0
"April 25, 2021 at 04:40AM",Garden_Data,13.25,0
"April 25, 2021 at 04:55AM",Garden_Data,13.19,0
"April 25, 2021 at 05:09AM",Garden_Data,13.19,0
"April 25, 2021 at 05:23AM",Garden_Data,13.19,0
"April 25, 2021 at 05:38AM",Garden_Data,13.19,0
"April 25, 2021 at 05:52AM",Garden_Data,13.19,0
"April 25, 2021 at 06:07AM",Garden_Data,13.13,0
"April 25, 2021 at 06:21AM",Garden_Data,13.13,1
"April 25, 2021 at 06:36AM",Garden_Data,13.13,12
"April 25, 2021 at 06:50AM",Garden_Data,13.13,27
"April 25, 2021 at 07:05AM",Garden_Data,13.13,33
"April 25, 2021 at 07:19AM",Garden_Data,13.13,86
"April 25, 2021 at 07:33AM",Garden_Data,13.13,81
"April 25, 2021 at 07:48AM",Garden_Data,13.06,68
"April 25, 2021 at 08:02AM",Garden_Data,13,69
"April 25, 2021 at 08:17AM",Garden_Data,13,73
"April 25, 2021 at 08:31AM",Garden_Data,13,98
"April 25, 2021 at 08:46AM",Garden_Data,13,76
"April 25, 2021 at 09:00AM",Garden_Data,13,82
"April 25, 2021 at 09:15AM",Garden_Data,13,92
"April 25, 2021 at 09:29AM",Garden_Data,13.06,86
"April 25, 2021 at 09:43AM",Garden_Data,13.06,93
"April 25, 2021 at 09:58AM",Garden_Data,13.13,182
"April 25, 2021 at 10:12AM",Garden_Data,13.19,166
"April 25, 2021 at 10:27AM",Garden_Data,13.31,243
"April 25, 2021 at 10:41AM",Garden_Data,13.38,176
"April 25, 2021 at 10:56AM",Garden_Data,13.44,165
"April 25, 2021 at 11:10AM",Garden_Data,13.44,235
"April 25, 2021 at 11:25AM",Garden_Data,13.5,181
"April 25, 2021 at 11:39AM",Garden_Data,13.56,162
"April 25, 2021 at 11:54AM",Garden_Data,13.56,162
"April 25, 2021 at 12:08PM",Garden_Data,13.63,176
"April 25, 2021 at 12:23PM",Garden_Data,13.88,232
"April 25, 2021 at 12:37PM",Garden_Data,14.88,496
"April 25, 2021 at 12:52PM",Garden_Data,15.63,416
"April 25, 2021 at 01:06PM",Garden_Data,15.69,274
"April 25, 2021 at 01:21PM",Garden_Data,16.5,553
"April 25, 2021 at 01:35PM",Garden_Data,17.19,522
"April 25, 2021 at 01:50PM",Garden_Data,17.38,475
"April 25, 2021 at 02:04PM",Garden_Data,17.88,534
"April 25, 2021 at 02:19PM",Garden_Data,18.06,446
"April 25, 2021 at 02:33PM",Garden_Data,17.38,381
"April 25, 2021 at 02:48PM",Garden_Data,17.63,452
"April 25, 2021 at 03:02PM",Garden_Data,17.25,392
"April 25, 2021 at 03:16PM",Garden_Data,17.5,592
"April 25, 2021 at 03:31PM",Garden_Data,17.13,367
"April 25, 2021 at 03:45PM",Garden_Data,17.56,517
"April 25, 2021 at 04:00PM",Garden_Data,17.56,559
"April 25, 2021 at 04:14PM",Garden_Data,17.88,550
"April 25, 2021 at 04:29PM",Garden_Data,18.06,543